api,kind,scope,code_or_message,description,doc_url
messaging-api,status-code,Common specifications,200 OK,Request successful.,https://developers.line.biz/en/reference/messaging-api/#status-codes
messaging-api,status-code,Common specifications,400 Bad Request,Problem with the request.,https://developers.line.biz/en/reference/messaging-api/#status-codes
messaging-api,status-code,Common specifications,401 Unauthorized,Valid channel access token is not specified.,https://developers.line.biz/en/reference/messaging-api/#status-codes
messaging-api,status-code,Common specifications,403 Forbidden,Not authorized to access the resource. Confirm that your account or plan is authorized to access the resource.,https://developers.line.biz/en/reference/messaging-api/#status-codes
messaging-api,status-code,Common specifications,404 Not Found,"Unable to get profile information. Consider these reasons:<ul><li>Target user ID doesn't exist.</li><li>The user hasn't consented to their profile information being obtained.</li><li>The user hasn't added the target LINE Official Account as a friend.</li><li>The user blocked the target LINE Official Account after adding it as a friend.</li></ul>For more information, see Consent on getting user profile information in the Messaging API documentation.",https://developers.line.biz/en/reference/messaging-api/#status-codes
messaging-api,status-code,Common specifications,409 Conflict,"An API request with the same retry key has already been accepted. For details, see Retry failed API request.",https://developers.line.biz/en/reference/messaging-api/#status-codes
messaging-api,status-code,Common specifications,410 Gone,Access to the resource that is no longer available.,https://developers.line.biz/en/reference/messaging-api/#status-codes
messaging-api,status-code,Common specifications,413 Payload Too Large,Request exceeds the max size of 2MB. Make the request smaller than 2MB and try again.,https://developers.line.biz/en/reference/messaging-api/#status-codes
messaging-api,status-code,Common specifications,415 Unsupported Media Type,Media type of the uploaded file is unsupported.,https://developers.line.biz/en/reference/messaging-api/#status-codes
messaging-api,status-code,Common specifications,429 Too Many Requests,"<ul><li>Exceeded the rate limit for requests.</li><li>Exceeded the Limit on the number of concurrent operations for requests.</li><li>Exceeded the number of free messages.</li><li>Exceeded your maximum number of additional messages allowed to be sent.</li></ul><p>For more information about the number of free messages and the maximum number of additional messages allowed to be sent, see Messaging API pricing in the Messaging API documentation.</p><p>You may also receive this error even if you still have messages available to send for the current month. For more information, see Why do I get a 4",https://developers.line.biz/en/reference/messaging-api/#status-codes
messaging-api,status-code,Common specifications,500 Internal Server Error,Error on the internal server.,https://developers.line.biz/en/reference/messaging-api/#status-codes
messaging-api,error-message,Common specifications,The request body has X error(s),"An error was found in the JSON data of the request body. The number of errors is displayed for ""X"". Further details are shown in the details[].message and details[].property properties.",https://developers.line.biz/en/reference/messaging-api/#error-responses
messaging-api,error-message,Common specifications,Invalid reply token,The reply token specified in replyToken to send reply message is invalid. Consider these reasons:<ul><li>Sent a reply message using an expired reply token.</li><li>Sent a reply message using a used reply token.</li></ul>,https://developers.line.biz/en/reference/messaging-api/#error-responses
messaging-api,error-message,Common specifications,"The property, XXX, in the request body is invalid (line: XXX, column: XXX)","An invalid property was specified in the request body. The specific property is displayed for ""XXX"".",https://developers.line.biz/en/reference/messaging-api/#error-responses
messaging-api,error-message,Common specifications,"The request body could not be parsed as JSON (line: XXX, column: XXX)",The JSON in the request body could not be parsed. The specific line and column are displayed.,https://developers.line.biz/en/reference/messaging-api/#error-responses
messaging-api,error-message,Common specifications,"The content type, XXX, is not supported",A content type not supported by the API is requested.,https://developers.line.biz/en/reference/messaging-api/#error-responses
messaging-api,error-message,Common specifications,Authentication failed due to the following reason: XXX,"Authentication failed when the API was called. The reason is displayed for ""XXX"".",https://developers.line.biz/en/reference/messaging-api/#error-responses
messaging-api,error-message,Common specifications,Access to this API is not available for your account,Appears when calling an API that you do not have permission to use.,https://developers.line.biz/en/reference/messaging-api/#error-responses
messaging-api,error-message,Common specifications,Failed to send messages,Appears when the message fails to be sent. One reason this may appear is if the user ID specified doesn't exist.,https://developers.line.biz/en/reference/messaging-api/#error-responses
messaging-api,error-message,Common specifications,You have reached your monthly limit.,"<ul><li>Exceeded the number of free messages.</li><li>Exceeded your maximum number of additional messages allowed to be sent.</li></ul><p>For more information about the number of free messages and the maximum number of additional messages allowed to be sent, see Messaging API pricing in the Messaging API documentation.</p><p>You may also receive this error even if you still have messages available to send for the current month. For more information, see Why do I get a 429 Too Many Requests error (You have reached your monthly limit.) even though I still have messages available to send for the ",https://developers.line.biz/en/reference/messaging-api/#error-responses
messaging-api,error-message,Common specifications,The API rate limit has been exceeded. Try again later.,Exceeded the rate limit for requests.,https://developers.line.biz/en/reference/messaging-api/#error-responses
messaging-api,error-message,Common specifications,Not found,"Unable to get profile information. Consider these reasons:<ul><li>Target user ID doesn't exist</li><li>The user hasn't consented to their profile information being obtained</li><li>The user hasn't added the target LINE Official Account as a friend</li><li>The user blocked the target LINE Official Account after adding it as a friend</li></ul>For more information, see Consent on getting user profile information in the Messaging API documentation.",https://developers.line.biz/en/reference/messaging-api/#error-responses
messaging-api,endpoint-error,Set webhook endpoint URL,400,An invalid webhook endpoint URL is specified.,https://developers.line.biz/en/reference/messaging-api/#set-webhook-endpoint-url
messaging-api,endpoint-error,Get webhook endpoint information,404,The webhook URL isn't set to the channel.,https://developers.line.biz/en/reference/messaging-api/#get-webhook-endpoint-information
messaging-api,endpoint-error,Test webhook endpoint,400,An invalid webhook URL is specified.,https://developers.line.biz/en/reference/messaging-api/#test-webhook-endpoint
messaging-api,endpoint-error,Test webhook endpoint,404,The webhook URL isn't set to the channel.,https://developers.line.biz/en/reference/messaging-api/#test-webhook-endpoint
messaging-api,endpoint-error,Issue channel access token v2.1,400,Problem with the request. Consider these reasons:<ul><li>The JWT assertion verification failed.</li><li>The JWT assertion has expired.</li><li>The maximum number of channel access tokens that can be issued has been reached.</li></ul>,https://developers.line.biz/en/reference/messaging-api/#issue-channel-access-token-v21
messaging-api,endpoint-error,Issue channel access token v2.1,404,The signature key associated with the JWT assertion isn't registered in the channel.,https://developers.line.biz/en/reference/messaging-api/#issue-channel-access-token-v21
messaging-api,endpoint-error,Verify the validity of the channel access token v2.1,400,Problem with the request. Consider these reasons:<ul><li>An invalidly formatted channel access token is specified.</li><li>The channel access token has expired.</li><li>A non-existent channel access token is specified.</li></ul>,https://developers.line.biz/en/reference/messaging-api/#verify-the-validity-of-the-channel-access-token-v21
messaging-api,endpoint-error,Get all valid channel access token key IDs v2.1,400,Problem with the request. Consider these reasons:<ul><li>The JWT assertion verification failed.</li><li>The JWT assertion has expired.</li></ul>,https://developers.line.biz/en/reference/messaging-api/#get-all-valid-channel-access-token-key-ids-v21
messaging-api,endpoint-error,Get all valid channel access token key IDs v2.1,404,The signature key associated with the JWT assertion isn't registered in the channel.,https://developers.line.biz/en/reference/messaging-api/#get-all-valid-channel-access-token-key-ids-v21
messaging-api,endpoint-error,Revoke channel access token v2.1,400,Problem with the request. Consider these reasons:<ul><li>An invalidly formatted channel access token is specified.</li><li>A non-existent channel access token is specified.</li><li>A malformed channel access is specified.</li></ul>,https://developers.line.biz/en/reference/messaging-api/#revoke-channel-access-token-v21
messaging-api,endpoint-error,Issue stateless channel access token,400,Problem with the request. Consider these reasons:<ul><li>An invalid channel ID is specified.</li><li>An invalid channel secret is specified.</li><li>The JWT assertion verification failed.</li><li>The JWT assertion has expired.</li></ul>,https://developers.line.biz/en/reference/messaging-api/#issue-stateless-channel-access-token
messaging-api,endpoint-error,Issue stateless channel access token,404,The signature key associated with the JWT assertion isn't registered in the channel.,https://developers.line.biz/en/reference/messaging-api/#issue-stateless-channel-access-token
messaging-api,endpoint-error,Issue short-lived channel access token,400,Problem with the request. Consider these reasons:<ul><li>An invalid channel ID is specified.</li><li>An invalid channel secret is specified.</li><li>The request parameters are in the wrong format.</li></ul>,https://developers.line.biz/en/reference/messaging-api/#issue-short-lived-channel-access-token
messaging-api,endpoint-error,Issue short-lived channel access token,429,Exceeded the rate limit.,https://developers.line.biz/en/reference/messaging-api/#issue-short-lived-channel-access-token
messaging-api,endpoint-error,Verify the validity of short-lived and long-lived channel access tokens,400,Problem with the request. Consider these reasons:<ul><li>An invalid channel access token is specified.</li><li>An invalidly formatted channel access token is specified.</li><li>The channel access token has expired.</li></ul>,https://developers.line.biz/en/reference/messaging-api/#verify-the-validity-of-short-lived-and-long-lived-channel-access-tokens
messaging-api,endpoint-error,Revoke short-lived or long-lived channel access token,400,An invalidly formatted channel access token is specified.,https://developers.line.biz/en/reference/messaging-api/#revoke-short-lived-or-long-lived-channel-access-token
messaging-api,endpoint-error,Send reply message,400,Couldn't send the message. Consider these reasons:<ul><li>An invalid reply token is specified.</li><li>An invalid message object is specified.</li></ul>,https://developers.line.biz/en/reference/messaging-api/#send-reply-message
messaging-api,endpoint-error,Send push message,400,"Couldn't send the message. Consider these reasons:<ul><li>A user ID that doesn't exist in this channel is specified, such as a user ID obtained from channels under other providers.</li><li>A non-existent group or a group that your LINE Official Account doesn't participate in is specified.</li><li>A non-existent multi-person chat or a multi-person chat that your LINE Official Account doesn't participate in is specified.</li><li>An invalid message object is specified.</li></ul>",https://developers.line.biz/en/reference/messaging-api/#send-push-message
messaging-api,endpoint-error,Send push message,409,"A request containing the same retry key has already been accepted. For more information, see Response if the request has already been accepted in the Retrying an API request.",https://developers.line.biz/en/reference/messaging-api/#send-push-message
messaging-api,endpoint-error,Send push message,429,"The number of requests has exceeded the limit. Consider these reasons:<ul><li>Exceeded the rate limit for this endpoint.</li><li>A large number of messages were sent to the same user.</li><li>Exceeded the target limit for sending messages this month.</li></ul>For more information about the target limit for sending messages, see Messaging API pricing in the Messaging API documentation.",https://developers.line.biz/en/reference/messaging-api/#send-push-message
messaging-api,endpoint-error,Send multicast message,400,"Couldn't send the message. Consider these reasons:<ul><li>A user ID that doesn't exist in this channel is specified, such as a user ID obtained from channels under other providers.</li><li>A non-user ID, such as a group ID, is specified.</li><li>An invalid message object is specified.</li></ul>",https://developers.line.biz/en/reference/messaging-api/#send-multicast-message
messaging-api,endpoint-error,Send multicast message,409,"A request containing the same retry key has already been accepted. For more information, see Response if the request has already been accepted in the Retrying an API request.",https://developers.line.biz/en/reference/messaging-api/#send-multicast-message
messaging-api,endpoint-error,Send multicast message,429,"The number of requests has exceeded the limit. Consider these reasons:<ul><li>Exceeded the rate limit for this endpoint.</li><li>Exceeded the target limit for sending messages this month.</li></ul>For more information about the target limit for sending messages, see Messaging API pricing in the Messaging API documentation.",https://developers.line.biz/en/reference/messaging-api/#send-multicast-message
messaging-api,endpoint-error,Send narrowcast message,400,"Couldn't send the message. Consider these reasons:<ul><li>An invalid request ID is specified in the redelivery object.</li><li>An invalid audience is specified, such as a status other than READY.</li><li>An invalid message object is specified.</li><li>An invalid combination of request parameters is specified.</li></ul>",https://developers.line.biz/en/reference/messaging-api/#send-narrowcast-message
messaging-api,endpoint-error,Send narrowcast message,403,"Not enough recipients. For more information, see Restrictions on sending messages using attributes and audiences.",https://developers.line.biz/en/reference/messaging-api/#send-narrowcast-message
messaging-api,endpoint-error,Send narrowcast message,409,"A request containing the same retry key has already been accepted. For more information, see Response if the request has already been accepted in the Retrying an API request.",https://developers.line.biz/en/reference/messaging-api/#send-narrowcast-message
messaging-api,endpoint-error,Send narrowcast message,429,"The number of requests has exceeded the limit. Consider these reasons:<ul><li>Exceeded the rate limit for this endpoint.</li><li>Exceeded the target limit for sending messages this month.</li></ul>For more information about the target limit for sending messages, see Messaging API pricing in the Messaging API documentation.",https://developers.line.biz/en/reference/messaging-api/#send-narrowcast-message
messaging-api,endpoint-error,Get narrowcast message status,400,An invalid request ID is specified.,https://developers.line.biz/en/reference/messaging-api/#get-narrowcast-message-status
messaging-api,endpoint-error,Get narrowcast message status,404,Unable to get the status. Consider these reasons:<ul><li>The period of time to get a status has expired.</li><li>A request ID other than narrowcast message is specified.</li></ul>,https://developers.line.biz/en/reference/messaging-api/#get-narrowcast-message-status
messaging-api,endpoint-error,Send broadcast message,400,An invalid message object is specified.,https://developers.line.biz/en/reference/messaging-api/#send-broadcast-message
messaging-api,endpoint-error,Send broadcast message,409,"A request containing the same retry key has already been accepted. For more information, see Response if the request has already been accepted in the Retrying an API request.",https://developers.line.biz/en/reference/messaging-api/#send-broadcast-message
messaging-api,endpoint-error,Send broadcast message,429,"The number of requests has exceeded the limit. Consider these reasons:<ul><li>Exceeded the rate limit for this endpoint.</li><li>Exceeded the target limit for sending messages this month.</li></ul>For more information about the target limit for sending messages, see Messaging API pricing in the Messaging API documentation.",https://developers.line.biz/en/reference/messaging-api/#send-broadcast-message
messaging-api,endpoint-error,Mark messages as read,400,An invalid read token has been specified.,https://developers.line.biz/en/reference/messaging-api/#mark-messages-as-read
messaging-api,endpoint-error,Display a loading animation,400,Couldn't display the loading animation. Consider these reasons:<ul><li>An invalid number of seconds is specified.</li><li>An invalid user ID is specified.</li><li>A group chat or a multi-person chat is specified.</li></ul>,https://developers.line.biz/en/reference/messaging-api/#display-a-loading-animation
messaging-api,endpoint-error,Get number of sent reply messages,400,An invalid date format is specified.,https://developers.line.biz/en/reference/messaging-api/#get-number-of-sent-reply-messages
messaging-api,endpoint-error,Get number of sent push messages,400,An invalid date format is specified.,https://developers.line.biz/en/reference/messaging-api/#get-number-of-sent-push-messages
messaging-api,endpoint-error,Get number of sent multicast messages,400,An invalid date format is specified.,https://developers.line.biz/en/reference/messaging-api/#get-number-of-sent-multicast-messages
messaging-api,endpoint-error,Get number of sent broadcast messages,400,An invalid date format is specified.,https://developers.line.biz/en/reference/messaging-api/#get-number-of-sent-broadcast-messages
messaging-api,endpoint-error,Validate message objects of a reply message,400,An invalid message object is specified.,https://developers.line.biz/en/reference/messaging-api/#validate-message-objects-of-a-reply-message
messaging-api,endpoint-error,Validate message objects of a push message,400,An invalid message object is specified.,https://developers.line.biz/en/reference/messaging-api/#validate-message-objects-of-a-push-message
messaging-api,endpoint-error,Validate message objects of a multicast message,400,An invalid message object is specified.,https://developers.line.biz/en/reference/messaging-api/#validate-message-objects-of-a-multicast-message
messaging-api,endpoint-error,Validate message objects of a narrowcast message,400,An invalid message object is specified.,https://developers.line.biz/en/reference/messaging-api/#validate-message-objects-of-a-narrowcast-message
messaging-api,endpoint-error,Validate message objects of a broadcast message,400,An invalid message object is specified.,https://developers.line.biz/en/reference/messaging-api/#validate-message-objects-of-a-broadcast-message
messaging-api,error-detail,Managing Audience,AUDIENCE_GROUP_CAN_NOT_UPLOAD_STATUS_EXPIRED,"This audience can't be used because it's been more than 180 days (15,552,000 seconds) since this audience was created.",https://developers.line.biz/en/reference/messaging-api/#details-of-the-error-related-to-audience-management
messaging-api,error-detail,Managing Audience,AUDIENCE_GROUP_COUNT_MAX_OVER,"You have already created the maximum number of audiences (1,000).",https://developers.line.biz/en/reference/messaging-api/#details-of-the-error-related-to-audience-management
messaging-api,error-detail,Managing Audience,AUDIENCE_GROUP_NAME_SIZE_OVER,The audience's name is too long.,https://developers.line.biz/en/reference/messaging-api/#details-of-the-error-related-to-audience-management
messaging-api,error-detail,Managing Audience,AUDIENCE_GROUP_NAME_WRONG,The audience's name contains an invalid character (such as n or some other control character).,https://developers.line.biz/en/reference/messaging-api/#details-of-the-error-related-to-audience-management
messaging-api,error-detail,Managing Audience,AUDIENCE_GROUP_NAME_EMPTY,The audience's name is empty or contains only spaces.,https://developers.line.biz/en/reference/messaging-api/#details-of-the-error-related-to-audience-management
messaging-api,error-detail,Managing Audience,AUDIENCE_GROUP_NOT_FOUND,Audience not found.,https://developers.line.biz/en/reference/messaging-api/#details-of-the-error-related-to-audience-management
messaging-api,error-detail,Managing Audience,AUDIENCE_GROUP_REQUESTID_DUPLICATE,There is already an audience with the specified request ID.,https://developers.line.biz/en/reference/messaging-api/#details-of-the-error-related-to-audience-management
messaging-api,error-detail,Managing Audience,AUDIENCE_GROUP_UPLOAD_DESCRIPTION_SIZE_OVER,The audience's description is too long.,https://developers.line.biz/en/reference/messaging-api/#details-of-the-error-related-to-audience-management
messaging-api,error-detail,Managing Audience,REQUEST_NOT_FOUND,The specified request ID is incorrect or LINE not ready to create an audience with the specified request ID.,https://developers.line.biz/en/reference/messaging-api/#details-of-the-error-related-to-audience-management
messaging-api,error-detail,Managing Audience,TOO_OLD_MESSAGES,"You can't create an audience for a message (request ID) that was sent over 60 days (5,184,000 seconds) ago.",https://developers.line.biz/en/reference/messaging-api/#details-of-the-error-related-to-audience-management
messaging-api,error-detail,Managing Audience,UPLOAD_AUDIENCE_GROUP_INVALID_AUDIENCE_ID_FORMAT,"<ul><li>file contains an invalid user ID or IFA.</li><li>audiences[].id is an invalid user ID or IFA.</li></ul>If this message is returned, see Error-handling methods.",https://developers.line.biz/en/reference/messaging-api/#details-of-the-error-related-to-audience-management
messaging-api,error-detail,Managing Audience,UPLOAD_AUDIENCE_GROUP_NO_VALID_AUDIENCE_IDS,<ul><li>file doesn't contain a valid user ID or IFA.</li><li>audiences[].id isn't a valid user ID or IFA.</li></ul>,https://developers.line.biz/en/reference/messaging-api/#details-of-the-error-related-to-audience-management
messaging-api,error-detail,Managing Audience,UPLOAD_AUDIENCE_GROUP_TOO_MANY_AUDIENCE_IDS,Exceeded the maximum number of user IDs or IFAs.,https://developers.line.biz/en/reference/messaging-api/#details-of-the-error-related-to-audience-management
messaging-api,error-detail,Managing Audience,WRONG_BOT_ID,The bot ID in the specified request ID doesn't match the bot linked to the channel that issued the channel access token.,https://developers.line.biz/en/reference/messaging-api/#details-of-the-error-related-to-audience-management
messaging-api,error-detail,Managing Audience,ALREADY_ACTIVE,The audience group is already active.,https://developers.line.biz/en/reference/messaging-api/#details-of-the-error-related-to-audience-management
messaging-api,endpoint-error,Create audience for uploading user IDs (by JSON),400,"Problem with the request. Consider these reasons:<ul><li>You have already created the maximum number of audiences (1,000).<li>A name longer than the maximum number of characters (120) is specified in the description property.</li><li>An invalid character (such as n or some other control character) is specified in the description property.</li><li>The description property is empty or contains only spaces.</li><li>A string longer than the maximum number of characters (300) is specified in the uploadDescription property.</li><li>An invalid user ID or IFA is specified in the audiences[].id propert",https://developers.line.biz/en/reference/messaging-api/#create-audience-for-uploading-user-ids-by-json
messaging-api,endpoint-error,Create audience for uploading user IDs (by JSON),429,"The limit on the number of concurrent operations has exceeded. For more information, see Limit on the number of concurrent operations.",https://developers.line.biz/en/reference/messaging-api/#create-audience-for-uploading-user-ids-by-json
messaging-api,endpoint-error,Create audience for uploading user IDs (by file),400,"Problem with the request. Consider these reasons:<ul><li>The file specified in the file property contains an invalid user ID or IFA.</li><li>A file with more user IDs or IFAs than the maximum number (1,500,000) is specified in the file property.</li><li>The file specified in the file property doesn't contain a valid user ID or IFA.</li><li>You have already created the maximum number of audiences (1,000).</li><li>A name longer than the maximum number of characters (120) is specified in the description property.</li><li>An invalid character (such as n or some other control character) is specifie",https://developers.line.biz/en/reference/messaging-api/#create-audience-for-uploading-user-ids-by-file
messaging-api,endpoint-error,Create audience for uploading user IDs (by file),415,An unsupported media format file is specified in the file property.,https://developers.line.biz/en/reference/messaging-api/#create-audience-for-uploading-user-ids-by-file
messaging-api,endpoint-error,Create audience for uploading user IDs (by file),429,"The limit on the number of concurrent operations has exceeded. For more information, see Limit on the number of concurrent operations.",https://developers.line.biz/en/reference/messaging-api/#create-audience-for-uploading-user-ids-by-file
messaging-api,endpoint-error,Add user IDs or Identifiers for Advertisers (IFAs) to an audience for uploading user IDs (by JSON),400,"Problem with the request. Consider these reasons:<ul><li>An invalid user ID or IFA is specified in the audiences[].id property.</li><li>More user IDs or IFAs than the maximum number (10,000) are specified in the audiences property.</li><li>A invalid user ID or IFA isn't specified in the audiences[].id property.</li><li>The audience that has exceeded the retention period is specified.</li><li>A non-existent audience is specified.</li><li>A string longer than the maximum number of characters (300) is specified in the uploadDescription property.</li></ul>",https://developers.line.biz/en/reference/messaging-api/#add-user-ids-or-identifiers-for-advertisers-ifas-to-an-audience-for-uploading-user-ids-by-json
messaging-api,endpoint-error,Add user IDs or Identifiers for Advertisers (IFAs) to an audience for uploading user IDs (by JSON),429,"The limit on the number of concurrent operations has exceeded. For more information, see Limit on the number of concurrent operations.",https://developers.line.biz/en/reference/messaging-api/#add-user-ids-or-identifiers-for-advertisers-ifas-to-an-audience-for-uploading-user-ids-by-json
messaging-api,endpoint-error,Add user IDs or Identifiers for Advertisers (IFAs) to an audience for uploading user IDs (by file),400,"Problem with the request. Consider these reasons:<ul><li>The file specified in the file property contains an invalid user ID or IFA.</li><li>A file with more user IDs or IFAs than the maximum number (1,500,000) is specified in the file property.</li><li>The file specified in the file property doesn't contain a valid user ID or IFA.</li><li>The audience that has exceeded the retention period is specified.</li><li>A non-existent audience is specified.</li><li>A string longer than the maximum number of characters (300) is specified in the uploadDescription property.</li></ul>",https://developers.line.biz/en/reference/messaging-api/#add-user-ids-or-identifiers-for-advertisers-ifas-to-an-audience-for-uploading-user-ids-by-file
messaging-api,endpoint-error,Add user IDs or Identifiers for Advertisers (IFAs) to an audience for uploading user IDs (by file),415,An unsupported media format file is specified in the file property.,https://developers.line.biz/en/reference/messaging-api/#add-user-ids-or-identifiers-for-advertisers-ifas-to-an-audience-for-uploading-user-ids-by-file
messaging-api,endpoint-error,Add user IDs or Identifiers for Advertisers (IFAs) to an audience for uploading user IDs (by file),429,"The limit on the number of concurrent operations has exceeded. For more information, see Limit on the number of concurrent operations.",https://developers.line.biz/en/reference/messaging-api/#add-user-ids-or-identifiers-for-advertisers-ifas-to-an-audience-for-uploading-user-ids-by-file
messaging-api,endpoint-error,Create message click audience,400,"Problem with the request. Consider these reasons:<ul><li>You have already created the maximum number of audiences (1,000).</li><li>A name longer than the maximum number of characters (120) is specified in the description property.</li><li>An invalid character (such as n or some other control character) is specified in the description property.</li><li>The requestID and clickUrl properties have the same combination of values as the existing audience.</li><li>The time limit for creating an audience has expired.</li><li>A non-existent request ID is specified.</li><li>The LINE Platform isn't ready",https://developers.line.biz/en/reference/messaging-api/#create-message-click-audience
messaging-api,endpoint-error,Create message impression audience,400,"Problem with the request. Consider these reasons:<ul><li>You have already created the maximum number of audiences (1,000).</li><li>A name longer than the maximum number of characters (120) is specified in the description property.</li><li>An invalid character (such as n or some other control character) is specified in the description property.</li><li>There is already an audience with the specified request ID.</li><li>The time limit for creating an audience has expired.</li><li>A non-existent request ID is specified.</li><li>The LINE Platform isn't ready to create an audience with the specifie",https://developers.line.biz/en/reference/messaging-api/#create-message-impression-audience
messaging-api,endpoint-error,Rename an audience,400,Problem with the request. Consider these reasons:<ul><li>A name longer than the maximum number of characters (120) is specified in the description property.</li><li>An invalid character (such as n or some other control character) is specified in the description property.</li><li>A non-existent audience is specified.</li></ul>,https://developers.line.biz/en/reference/messaging-api/#rename-an-audience
messaging-api,endpoint-error,Delete audience,400,A non-existent audience is specified.,https://developers.line.biz/en/reference/messaging-api/#delete-audience
messaging-api,endpoint-error,Get audience data,400,A non-existent audience is specified.,https://developers.line.biz/en/reference/messaging-api/#get-audience-data
messaging-api,endpoint-error,Get data for multiple audiences,400,An invalid query parameter is specified.,https://developers.line.biz/en/reference/messaging-api/#get-data-for-multiple-audiences
messaging-api,endpoint-error,Get shared audience data in Business Manager,400,A non-existent audience is specified.,https://developers.line.biz/en/reference/messaging-api/#get-shared-audience-data-in-business-manager
messaging-api,endpoint-error,Get a list of shared audiences in Business Manager,400,An invalid query parameter is specified.,https://developers.line.biz/en/reference/messaging-api/#get-a-list-of-shared-audiences-in-business-manager
messaging-api,endpoint-error,Get number of message deliveries,400,An invalid date is specified.,https://developers.line.biz/en/reference/messaging-api/#get-number-of-message-deliveries
messaging-api,endpoint-error,Get number of followers,400,No date or an invalid date is specified.,https://developers.line.biz/en/reference/messaging-api/#get-number-of-followers
messaging-api,endpoint-error,Get statistics per unit,400,Unable to get the statistic. Consider these reasons:<ul><li>No unit name specified.</li><li>No aggregation period date specified.</li><li>Invalid aggregation period date specified.</li></ul>,https://developers.line.biz/en/reference/messaging-api/#get-statistics-per-unit
messaging-api,endpoint-error,Get a list of unit names assigned during this month,400,Problem with the request. Consider these reasons:<ul><li>An invalid continuation token is specified.</li><li>An invalid value is specified for the limit property.</li></ul>,https://developers.line.biz/en/reference/messaging-api/#get-a-list-of-unit-names-assigned-during-this-month
messaging-api,endpoint-error,Get rich menu insight totals,400,Unable to get the statistic. Consider these reasons:<ul><li>No aggregation period date specified.</li><li>Invalid aggregation period date specified.</li></ul>,https://developers.line.biz/en/reference/messaging-api/#get-rich-menu-insight-totals
messaging-api,endpoint-error,Get rich menu insight totals,404,A non-existent rich menu is specified.,https://developers.line.biz/en/reference/messaging-api/#get-rich-menu-insight-totals
messaging-api,endpoint-error,Get rich menu insight by day,400,Unable to get the statistic. Consider these reasons:<ul><li>No aggregation period date specified.</li><li>Invalid aggregation period date specified.</li></ul>,https://developers.line.biz/en/reference/messaging-api/#get-rich-menu-insight-by-day
messaging-api,endpoint-error,Get rich menu insight by day,404,A non-existent rich menu is specified.,https://developers.line.biz/en/reference/messaging-api/#get-rich-menu-insight-by-day
messaging-api,endpoint-error,Create a coupon,400,"Couldn't create a coupon. Consider these reasons:<ul><li>An invalid coupon type is specified.</li><li>The maximum number of valid coupons (maximum 5,000) has been reached.</li><li>A property that does not match priceInfo.type is specified in the reward object.</li></ul>",https://developers.line.biz/en/reference/messaging-api/#create-a-coupon
messaging-api,endpoint-error,Discontinue a coupon,410,The coupon ID for a discontinued coupon has been specified.,https://developers.line.biz/en/reference/messaging-api/#discontinue-a-coupon
messaging-api,endpoint-error,Discontinue a coupon,404,The specified coupon doesn't exist.,https://developers.line.biz/en/reference/messaging-api/#discontinue-a-coupon
messaging-api,endpoint-error,Get a list of coupons,400,Could not get the list of coupons. Possible reasons include:<ul><li>An invalid status is specified.</li><li>The maximum number of coupons to retrieve exceeds 100.</li></ul>,https://developers.line.biz/en/reference/messaging-api/#get-a-list-of-coupons
messaging-api,endpoint-error,Get details of a coupon,404,The specified coupon does not exist. Consider these reasons:<ul><li>A coupon created in another channel is specified.</li></ul>,https://developers.line.biz/en/reference/messaging-api/#get-details-of-a-coupon
messaging-api,endpoint-error,Get profile,400,An invalid user ID is specified.,https://developers.line.biz/en/reference/messaging-api/#get-profile
messaging-api,endpoint-error,Get profile,404,"Unable to get profile information. Consider these reasons:<ul><li>Target user ID doesn't exist.</li><li>The user hasn't consented to their profile information being obtained.</li><li>The user hasn't added the target LINE Official Account as a friend.</li><li>The user blocked the target LINE Official Account after adding it as a friend.</li></ul>For more information, see Consent on getting user profile information in the Messaging API documentation.",https://developers.line.biz/en/reference/messaging-api/#get-profile
messaging-api,endpoint-error,Get a list of users who added your LINE Official Account as a friend,400,An invalid continuation token is specified.,https://developers.line.biz/en/reference/messaging-api/#get-a-list-of-users-who-added-your-line-official-account-as-a-friend
messaging-api,endpoint-error,Get a list of users who added your LINE Official Account as a friend,403,Not authorized to use this endpoint. Only available for verified accounts or premium accounts.,https://developers.line.biz/en/reference/messaging-api/#get-a-list-of-users-who-added-your-line-official-account-as-a-friend
messaging-api,endpoint-error,Get a user's membership subscription status,400,An invalid user ID is specified.,https://developers.line.biz/en/reference/messaging-api/#get-a-users-membership-subscription-status
messaging-api,endpoint-error,Get a user's membership subscription status,404,Unable to get information about the membership to which the user subscribes. Consider these reasons:<ul><li>User doesn't subscribe to membership</li><li>Target user ID doesn't exist</li></ul>,https://developers.line.biz/en/reference/messaging-api/#get-a-users-membership-subscription-status
messaging-api,endpoint-error,Get a list of users who have joined the membership,400,Problem with the request. Consider these reasons:<ul><li>An invalid continuation token is specified.</li><li>An invalid value is specified for the limit query parameter.</li></ul>,https://developers.line.biz/en/reference/messaging-api/#get-a-list-of-users-who-have-joined-the-membership
messaging-api,endpoint-error,Get a list of users who have joined the membership,404,A membership ID that doesn't exist is specified for the membershipId path parameter.,https://developers.line.biz/en/reference/messaging-api/#get-a-list-of-users-who-have-joined-the-membership
messaging-api,endpoint-error,Get membership plans being offered,404,No membership plans offered.,https://developers.line.biz/en/reference/messaging-api/#get-membership-plans-being-offered
messaging-api,endpoint-error,Get group chat summary,400,An invalid group ID is specified.,https://developers.line.biz/en/reference/messaging-api/#get-group-chat-summary
messaging-api,endpoint-error,Get group chat summary,404,A non-existent group or a group that your LINE Official Account doesn't participate in is specified.,https://developers.line.biz/en/reference/messaging-api/#get-group-chat-summary
messaging-api,endpoint-error,Get number of users in a group chat,400,An invalid group ID is specified.,https://developers.line.biz/en/reference/messaging-api/#get-number-of-users-in-a-group-chat
messaging-api,endpoint-error,Get number of users in a group chat,404,A non-existent group or a group that your LINE Official Account doesn't participate in is specified.,https://developers.line.biz/en/reference/messaging-api/#get-number-of-users-in-a-group-chat
messaging-api,endpoint-error,Get group chat member user IDs,400,Problem with the request. Consider these reasons:<ul><li>An invalid group ID is specified.</li><li>An invalid continuation token is specified for the start property.</li></ul>,https://developers.line.biz/en/reference/messaging-api/#get-group-chat-member-user-ids
messaging-api,endpoint-error,Get group chat member user IDs,403,Not authorized to use this endpoint. Only available for verified accounts or premium accounts.,https://developers.line.biz/en/reference/messaging-api/#get-group-chat-member-user-ids
messaging-api,endpoint-error,Get group chat member user IDs,404,A non-existent group or a group that your LINE Official Account doesn't participate in is specified.,https://developers.line.biz/en/reference/messaging-api/#get-group-chat-member-user-ids
messaging-api,endpoint-error,Get group chat member profile,400,Problem with the request. Consider these reasons:<ul><li>An invalid group ID is specified.</li><li>An invalid user ID is specified.</li></ul>,https://developers.line.biz/en/reference/messaging-api/#get-group-chat-member-profile
messaging-api,endpoint-error,Get group chat member profile,404,Unable to get profile information. Consider these reasons:<ul><li>A non-existent group or a group that your LINE Official Account doesn't participate in is specified.</li><li>A non-existent user or a user who hasn't joined a group is specified.</li></ul>,https://developers.line.biz/en/reference/messaging-api/#get-group-chat-member-profile
messaging-api,endpoint-error,Leave group chat,400,An invalid group ID is specified.,https://developers.line.biz/en/reference/messaging-api/#leave-group-chat
messaging-api,endpoint-error,Leave group chat,404,A non-existent group or a group that your LINE Official Account doesn't participate in is specified.,https://developers.line.biz/en/reference/messaging-api/#leave-group-chat
messaging-api,endpoint-error,Get number of users in a multi-person chat,400,An invalid room ID is specified.,https://developers.line.biz/en/reference/messaging-api/#get-number-of-users-in-a-multi-person-chat
messaging-api,endpoint-error,Get number of users in a multi-person chat,404,A non-existent multi-person chat or a multi-person chat that your LINE Official Account doesn't participate in is specified.,https://developers.line.biz/en/reference/messaging-api/#get-number-of-users-in-a-multi-person-chat
messaging-api,endpoint-error,Get multi-person chat member user IDs,400,Problem with the request. Consider these reasons:<ul><li>An invalid room ID is specified.</li><li>An invalid continuation token is specified for the start property.</li></ul>,https://developers.line.biz/en/reference/messaging-api/#get-multi-person-chat-member-user-ids
messaging-api,endpoint-error,Get multi-person chat member user IDs,403,Not authorized to use this endpoint. Only available for verified accounts or premium accounts.,https://developers.line.biz/en/reference/messaging-api/#get-multi-person-chat-member-user-ids
messaging-api,endpoint-error,Get multi-person chat member user IDs,404,A non-existent multi-person chat or a multi-person chat that your LINE Official Account doesn't participate in is specified.,https://developers.line.biz/en/reference/messaging-api/#get-multi-person-chat-member-user-ids
messaging-api,endpoint-error,Get multi-person chat member profile,400,Problem with the request. Consider these reasons:<ul><li>An invalid room ID is specified.</li><li>An invalid user ID is specified.</li></ul>,https://developers.line.biz/en/reference/messaging-api/#get-multi-person-chat-member-profile
messaging-api,endpoint-error,Get multi-person chat member profile,404,Unable to get profile information. Consider these reasons:<ul><li>A non-existent multi-person chat or a multi-person chat that your LINE Official Account doesn't participate in is specified.</li><li>A non-existent user or a user who hasn't joined a multi-person chat is specified.</li></ul>,https://developers.line.biz/en/reference/messaging-api/#get-multi-person-chat-member-profile
messaging-api,endpoint-error,Leave multi-person chat,400,An invalid room ID is specified.,https://developers.line.biz/en/reference/messaging-api/#leave-multi-person-chat
messaging-api,endpoint-error,Leave multi-person chat,404,A non-existent multi-person chat is specified.,https://developers.line.biz/en/reference/messaging-api/#leave-multi-person-chat
messaging-api,endpoint-error,Create rich menu,400,Couldn't create a rich menu. Consider these reasons:<ul><li>An invalid rich menu object is specified.</li><li>The maximum number of rich menus that can be created has been reached (up to 1000).</li></ul>,https://developers.line.biz/en/reference/messaging-api/#create-rich-menu
messaging-api,endpoint-error,Validate rich menu object,400,An invalid rich menu object is specified.,https://developers.line.biz/en/reference/messaging-api/#validate-rich-menu-object
messaging-api,endpoint-error,Upload rich menu image,400,Couldn't set the image to the rich menu. Consider these reasons:<ul><li>The image doesn't meet the requirements.</li><li>An image is already set to the rich menu.</li></ul>,https://developers.line.biz/en/reference/messaging-api/#upload-rich-menu-image
messaging-api,endpoint-error,Upload rich menu image,404,A non-existent rich menu is specified.,https://developers.line.biz/en/reference/messaging-api/#upload-rich-menu-image
messaging-api,endpoint-error,Upload rich menu image,415,An unsupported media format is specified in Content-Type (other than image/jpeg and image/png).,https://developers.line.biz/en/reference/messaging-api/#upload-rich-menu-image
messaging-api,endpoint-error,Download rich menu image,404,Couldn't download the image. Consider these reasons:<ul><li>A non-existent rich menu is specified.</li><li>There is no image set to the rich menu.</li></ul>,https://developers.line.biz/en/reference/messaging-api/#download-rich-menu-image
messaging-api,endpoint-error,Get rich menu,404,A non-existent rich menu is specified.,https://developers.line.biz/en/reference/messaging-api/#get-rich-menu
messaging-api,endpoint-error,Delete rich menu,404,A non-existent rich menu is specified.,https://developers.line.biz/en/reference/messaging-api/#delete-rich-menu
messaging-api,endpoint-error,Set default rich menu,400,There is no image set to the rich menu.,https://developers.line.biz/en/reference/messaging-api/#set-default-rich-menu
messaging-api,endpoint-error,Set default rich menu,404,A non-existent rich menu is specified.,https://developers.line.biz/en/reference/messaging-api/#set-default-rich-menu
messaging-api,endpoint-error,Get default rich menu ID,403,"The default rich menu is set by another channel, such as LINE Official Account Manager.",https://developers.line.biz/en/reference/messaging-api/#get-default-rich-menu-id
messaging-api,endpoint-error,Get default rich menu ID,404,The default rich menu isn't set.,https://developers.line.biz/en/reference/messaging-api/#get-default-rich-menu-id
messaging-api,endpoint-error,Link rich menu to user,400,Couldn't link the rich menu. Consider these reasons:<ul><li>An invalid user ID is specified.</li><li>There is no image set to the rich menu.</li></ul>,https://developers.line.biz/en/reference/messaging-api/#link-rich-menu-to-user
messaging-api,endpoint-error,Link rich menu to user,404,A non-existent rich menu is specified.,https://developers.line.biz/en/reference/messaging-api/#link-rich-menu-to-user
messaging-api,endpoint-error,Link rich menu to multiple users,400,Couldn't link the rich menu. Consider these reasons:<ul><li>An invalid user ID is specified.</li><li>An invalid rich menu ID is specified.</li><li>There is no image set to the rich menu.</li></ul>,https://developers.line.biz/en/reference/messaging-api/#link-rich-menu-to-multiple-users
messaging-api,endpoint-error,Link rich menu to multiple users,404,A non-existent rich menu is specified.,https://developers.line.biz/en/reference/messaging-api/#link-rich-menu-to-multiple-users
messaging-api,endpoint-error,Get rich menu ID of user,400,An invalid user ID is specified.,https://developers.line.biz/en/reference/messaging-api/#get-rich-menu-id-of-user
messaging-api,endpoint-error,Get rich menu ID of user,404,Could't get a rich menu ID. Consider these reasons:<ul><li>The user isn't linked to a rich menu.</li><li>A non-existent user is specified.</li><li>The user hasn't added the target LINE Official Account as a friend.</li></ul>,https://developers.line.biz/en/reference/messaging-api/#get-rich-menu-id-of-user
messaging-api,endpoint-error,Unlink rich menu from user,400,An invalid user ID is specified.,https://developers.line.biz/en/reference/messaging-api/#unlink-rich-menu-from-user
messaging-api,endpoint-error,Unlink rich menus from multiple users,400,An invalid user ID is specified.,https://developers.line.biz/en/reference/messaging-api/#unlink-rich-menus-from-multiple-users
messaging-api,endpoint-error,Replace or unlink the linked rich menus in batches,400,Couldn't control the rich menu. Consider these reasons:<ul><li>An invalid rich menu ID is specified.</li><li>The rich menu you want to replace has no image.</li><li>More than 1000 operations are specified in the operations property.</li><li>unlinkAll and other types are specified to the type property at the same time.</li><li>The ID of the same rich menu is specified in multiple from properties.</li></ul>,https://developers.line.biz/en/reference/messaging-api/#replace-or-unlink-the-linked-rich-menus-in-batches
messaging-api,endpoint-error,Replace or unlink the linked rich menus in batches,404,A non-existent rich menu is specified.,https://developers.line.biz/en/reference/messaging-api/#replace-or-unlink-the-linked-rich-menus-in-batches
messaging-api,endpoint-error,Get the status of rich menu batch control,400,An invalid request ID is specified.,https://developers.line.biz/en/reference/messaging-api/#get-the-status-of-rich-menu-batch-control
messaging-api,endpoint-error,Get the status of rich menu batch control,404,Couldn't get the status. Consider these reasons:<ul><li>A non-existent request ID is specified.</li><li>The period of time to get the status has expired.</li></ul>,https://developers.line.biz/en/reference/messaging-api/#get-the-status-of-rich-menu-batch-control
messaging-api,endpoint-error,Validate a request of rich menu batch control,400,Couldn't control the rich menu. Consider these reasons:<ul><li>An invalid rich menu ID is specified.</li><li>The rich menu you want to replace has no image.</li><li>More than 1000 operations are specified in the operations property.</li><li>unlinkAll and other types are specified to the type property at the same time.</li><li>The ID of the same rich menu is specified in multiple from properties.</li></ul>,https://developers.line.biz/en/reference/messaging-api/#validate-a-request-of-rich-menu-batch-control
messaging-api,endpoint-error,Validate a request of rich menu batch control,404,A non-existent rich menu is specified.,https://developers.line.biz/en/reference/messaging-api/#validate-a-request-of-rich-menu-batch-control
messaging-api,endpoint-error,Create rich menu alias,400,Couldn't create the rich menu alias. Consider these reasons:<ul><li>A rich menu that doesn't exist or a rich menu without a set image is specified.</li><li>An invalid rich menu alias ID is specified.</li><li>An invalid rich menu ID is specified.</li><li>Reached the maximum number of rich menu aliases you can create.</li><li>The same ID as an already existing rich menu alias is specified.</li></ul>,https://developers.line.biz/en/reference/messaging-api/#create-rich-menu-alias
messaging-api,endpoint-error,Delete rich menu alias,400,An invalid rich menu alias ID is specified.,https://developers.line.biz/en/reference/messaging-api/#delete-rich-menu-alias
messaging-api,endpoint-error,Delete rich menu alias,404,A non-existent rich menu alias is specified.,https://developers.line.biz/en/reference/messaging-api/#delete-rich-menu-alias
messaging-api,endpoint-error,Update rich menu alias,400,Couldn't update the rich menu alias. Consider these reasons:<ul><li>A rich menu that doesn't exist or a rich menu without a set image is specified.</li><li>An invalid rich menu alias ID is specified.</li><li>An invalid rich menu ID is specified.</li></ul>,https://developers.line.biz/en/reference/messaging-api/#update-rich-menu-alias
messaging-api,endpoint-error,Update rich menu alias,404,A non-existent rich menu alias is specified.,https://developers.line.biz/en/reference/messaging-api/#update-rich-menu-alias
messaging-api,endpoint-error,Get rich menu alias information,400,An invalid rich menu alias ID is specified.,https://developers.line.biz/en/reference/messaging-api/#get-rich-menu-alias-information
messaging-api,endpoint-error,Get rich menu alias information,404,A non-existent rich menu alias is specified.,https://developers.line.biz/en/reference/messaging-api/#get-rich-menu-alias-information
line-login,status-code,Common specifications,200 OK,The request succeeded.,https://developers.line.biz/en/reference/line-login/#status-codes
line-login,status-code,Common specifications,400 Bad Request,There was a problem with the request. Check the request parameters and JSON format.,https://developers.line.biz/en/reference/line-login/#status-codes
line-login,status-code,Common specifications,401 Unauthorized,Check that the authorization header is correct.,https://developers.line.biz/en/reference/line-login/#status-codes
line-login,status-code,Common specifications,403 Forbidden,You are not authorized to use the API. Confirm that your account or plan is authorized to use the API.,https://developers.line.biz/en/reference/line-login/#status-codes
line-login,status-code,Common specifications,413 Payload Too Large,Request exceeds the max size of 2MB. Make the request smaller than 2MB and try again.,https://developers.line.biz/en/reference/line-login/#status-codes
line-login,status-code,Common specifications,429 Too Many Requests,Temporarily restricting requests because rate-limit has been exceeded by a large number of requests.,https://developers.line.biz/en/reference/line-login/#status-codes
line-login,status-code,Common specifications,500 Internal Server Error,There was a temporary error on the API server.,https://developers.line.biz/en/reference/line-login/#status-codes
line-login,endpoint-error,Verify access token validity,400 Bad Request,"Problem with the request. Consider these reasons:<ul><li>An access token with an invalid format is specified.</li><li>The access token has expired.</li><li>The access token has been invalidated (e.g., via the Revoke access token endpoint).</li></ul>",https://developers.line.biz/en/reference/line-login/#verify-access-token-validity
line-login,endpoint-error,Deauthorize your app to which the user has granted permissions,400,Invalid access token for the target user. Consider these reasons:<ul><li>The user has already deauthorized your app.</li><li>You have already deauthorized your app on behalf of the user via the API.</li></ul>,https://developers.line.biz/en/reference/line-login/#deauthorize-your-app-to-which-the-user-has-granted-permissions
line-login,endpoint-error,Verify ID token,Invalid IdToken.,The ID token is malformed or the signature is invalid.,https://developers.line.biz/en/reference/line-login/#verify-id-token
line-login,endpoint-error,Verify ID token,Invalid IdToken Issuer.,"The ID token was generated on a site other than ""https://access.line.me"".",https://developers.line.biz/en/reference/line-login/#verify-id-token
line-login,endpoint-error,Verify ID token,IdToken expired.,The ID token has expired.,https://developers.line.biz/en/reference/line-login/#verify-id-token
line-login,endpoint-error,Verify ID token,Invalid IdToken Audience.,The ID token's Audience value is different from the client_id specified in the request.,https://developers.line.biz/en/reference/line-login/#verify-id-token
line-login,endpoint-error,Verify ID token,Invalid IdToken Nonce.,The ID token's Nonce value is different from the nonce specified in the request.,https://developers.line.biz/en/reference/line-login/#verify-id-token
line-login,endpoint-error,Verify ID token,Invalid IdToken Subject Identifier.,The ID token's SubjectIdentifier value is different from the user_id specified in the request.,https://developers.line.biz/en/reference/line-login/#verify-id-token
liff,error-detail,Common specifications,400,Problem with the request. Check the request parameters and JSON format.,https://developers.line.biz/en/reference/liff/#liff-sdk-errors
liff,error-detail,Common specifications,401,Check that the authorization header is correct.,https://developers.line.biz/en/reference/liff/#liff-sdk-errors
liff,error-detail,Common specifications,403,Not authorized to use the API. Confirm that your account or plan is authorized to use the API.,https://developers.line.biz/en/reference/liff/#liff-sdk-errors
liff,error-detail,Common specifications,429,Make sure that you are within the rate limit for requests.,https://developers.line.biz/en/reference/liff/#liff-sdk-errors
liff,error-detail,Common specifications,500,Temporary error on the API server.,https://developers.line.biz/en/reference/liff/#liff-sdk-errors
liff,error-detail,Common specifications,INIT_FAILED,Failed to init LIFF SDK.,https://developers.line.biz/en/reference/liff/#liff-sdk-errors
liff,error-detail,Common specifications,INVALID_ARGUMENT,An invalid argument was specified.,https://developers.line.biz/en/reference/liff/#liff-sdk-errors
liff,error-detail,Common specifications,UNAUTHORIZED,<ul><li>The user did not authorize.</li><li>Call the server api without access token.</li><li>Call the share target picker before logging in.</li></ul>,https://developers.line.biz/en/reference/liff/#liff-sdk-errors
liff,error-detail,Common specifications,FORBIDDEN,<ul><li>You don't have the required permission.</li><li>You attempted to use a feature in an environment that's not supported.</li></ul>,https://developers.line.biz/en/reference/liff/#liff-sdk-errors
liff,error-detail,Common specifications,INVALID_CONFIG,An invalid setting.<ul><li>Specify the liffId to initialize LIFF apps using liff.init().</li><li>The URL of the page that executes the liff.permanentLink.createUrl() method doesn't start with the URL specified in the Endpoint URL.</li></ul>,https://developers.line.biz/en/reference/liff/#liff-sdk-errors
liff,error-detail,Common specifications,INVALID_ID_TOKEN,Failed to verify the ID token.,https://developers.line.biz/en/reference/liff/#liff-sdk-errors
liff,error-detail,Common specifications,EXCEPTION_IN_SUBWINDOW,"Problem with subwindow. <ul><li>For example, if the target picker (group or friend selection screen) is displayed and has been idle for more than 10 minutes, for example.</li></ul>",https://developers.line.biz/en/reference/liff/#liff-sdk-errors
liff,error-detail,Common specifications,UNKNOWN,Unknown error.,https://developers.line.biz/en/reference/liff/#liff-sdk-errors
liff,endpoint-error,liff.permission.requestAll(),FORBIDDEN,All permissions have already been approved.,https://developers.line.biz/en/reference/liff/#liffpermissionrequestall
liff,endpoint-error,liff.permission.requestAll(),INVALID_ARGUMENT,"officialAccount.id must start with ""@"".",https://developers.line.biz/en/reference/liff/#liffpermissionrequestall
liff,endpoint-error,liff.getFriendship(),400,Bot not found,https://developers.line.biz/en/reference/liff/#liffgetfriendship
liff,endpoint-error,liff.getFriendship(),403,LOGIN_MULTI_LINKED_BOT_PROMPT feature license is required.,https://developers.line.biz/en/reference/liff/#liffgetfriendship
liff,endpoint-error,liff.getFriendship(),INVALID_ARGUMENT,"officialAccountId must start with ""@"".",https://developers.line.biz/en/reference/liff/#liffgetfriendship
liff,endpoint-error,liff.requestFriendship(),FORBIDDEN,No bot could be resolved for the request.,https://developers.line.biz/en/reference/liff/#liffrequestfriendship
liff,endpoint-error,liff.requestFriendship(),INVALID_ARGUMENT,"officialAccount.id must start with ""@"".",https://developers.line.biz/en/reference/liff/#liffrequestfriendship
liff-server,endpoint-error,Adding the LIFF app to a channel,400,This status code means one of the following:<ul><li>The request contains an invalid value.</li><li>The maximum number of LIFF apps that can be added to the channel has been reached.</li></ul>,https://developers.line.biz/en/reference/liff-server/#adding-the-liff-app-to-a-channel
liff-server,endpoint-error,Adding the LIFF app to a channel,401,Authentication failed.,https://developers.line.biz/en/reference/liff-server/#adding-the-liff-app-to-a-channel
liff-server,endpoint-error,Update LIFF app settings,400,The request contains an invalid value.,https://developers.line.biz/en/reference/liff-server/#update-liff-app-settings
liff-server,endpoint-error,Update LIFF app settings,401,Authentication failed.,https://developers.line.biz/en/reference/liff-server/#update-liff-app-settings
liff-server,endpoint-error,Update LIFF app settings,404,This status code means one of the following:<ul><li>The specified LIFF app does not exist.</li><li>The specified LIFF app has been added to another channel.</li></ul>,https://developers.line.biz/en/reference/liff-server/#update-liff-app-settings
liff-server,endpoint-error,Get all LIFF apps,401,Authentication failed.,https://developers.line.biz/en/reference/liff-server/#get-all-liff-apps
liff-server,endpoint-error,Get all LIFF apps,404,There is no LIFF app on the channel.,https://developers.line.biz/en/reference/liff-server/#get-all-liff-apps
liff-server,endpoint-error,Delete LIFF app from a channel,401,Authentication failed.,https://developers.line.biz/en/reference/liff-server/#delete-liff-app-from-a-channel
liff-server,endpoint-error,Delete LIFF app from a channel,404,This status code means one of the following:<ul><li>The specified LIFF app does not exist.</li><li>The specified LIFF app has been added to another channel.</li></ul>,https://developers.line.biz/en/reference/liff-server/#delete-liff-app-from-a-channel
line-mini-app,endpoint-error,Issuing a service notification token,400 Bad request,This status code means one of the following: <ul><li>There is a problem with the request body.</li><li>The LIFF access token specified in the liffAccessToken property was used multiple times in a short span of time to request the issuing of service notification tokens.</li></ul>,https://developers.line.biz/en/reference/line-mini-app/#issuing-a-service-notification-token
line-mini-app,endpoint-error,Issuing a service notification token,401 Unauthorized,"This status code means one or both of the following: <ul><li>A valid channel access token hasn't been specified.</li><li>A valid LIFF access token hasn't been specified.</li><ul><li>When the user closes the LIFF app, the LIFF access token will be revoked even if it hasn't expired.</li></ul></ul>",https://developers.line.biz/en/reference/line-mini-app/#issuing-a-service-notification-token
line-mini-app,endpoint-error,Issuing a service notification token,403 Forbidden,This channel isn't authorized to issue service messages.,https://developers.line.biz/en/reference/line-mini-app/#issuing-a-service-notification-token
line-mini-app,endpoint-error,Issuing a service notification token,500 Internal Server Error,Error on the internal server,https://developers.line.biz/en/reference/line-mini-app/#issuing-a-service-notification-token
line-mini-app,endpoint-error,Sending service messages,400 Bad request,This status code means one of the following: <ul><li>There is a problem with the request body. </li><li>The target recipient of the service message doesn't exist. </li></ul>,https://developers.line.biz/en/reference/line-mini-app/#sending-service-messages
line-mini-app,endpoint-error,Sending service messages,401 Unauthorized,This status code means one or both of the following: <ul><li>A valid channel access token hasn't been specified.</li><li>A valid service notification token hasn't been specified. </li></ul>,https://developers.line.biz/en/reference/line-mini-app/#sending-service-messages
line-mini-app,endpoint-error,Sending service messages,403 Forbidden,This status code means one of the following: <ul><li>This channel is not authorized to send service messages. </li><li>The specified template cannot be found.</li></ul>,https://developers.line.biz/en/reference/line-mini-app/#sending-service-messages
line-mini-app,endpoint-error,liff.iap.getPlatformProducts(),"Need access_token for api call, Please login first",The user is not logged in.,https://developers.line.biz/en/reference/line-mini-app/#liffiapgetplatformproducts
line-mini-app,endpoint-error,liff.iap.getPlatformProducts(),In-App Purchase is not allowed in external browser,The method was executed in an external browser.,https://developers.line.biz/en/reference/line-mini-app/#liffiapgetplatformproducts
line-mini-app,endpoint-error,liff.iap.getPlatformProducts(),In-App Purchase is not allowed in this LIFF app,The LINE MINI App being run by the user does not support in-app purchase.,https://developers.line.biz/en/reference/line-mini-app/#liffiapgetplatformproducts
line-mini-app,endpoint-error,liff.iap.requestConsentAgreement(),The user did not agree to the terms.,The user did not agree to the Terms of Use: LINE In-App Purchase System .,https://developers.line.biz/en/reference/line-mini-app/#liffiaprequestconsentagreement
line-mini-app,endpoint-error,liff.iap.requestConsentAgreement(),"Need access_token for api call, Please login first",The user is not logged in.,https://developers.line.biz/en/reference/line-mini-app/#liffiaprequestconsentagreement
line-mini-app,endpoint-error,liff.iap.requestConsentAgreement(),In-App Purchase is not allowed in external browser,The method was executed in an external browser.,https://developers.line.biz/en/reference/line-mini-app/#liffiaprequestconsentagreement
line-mini-app,endpoint-error,liff.iap.requestConsentAgreement(),In-App Purchase is not allowed in this LIFF app,The LINE MINI App being run by the user does not support in-app purchase.,https://developers.line.biz/en/reference/line-mini-app/#liffiaprequestconsentagreement
line-mini-app,endpoint-error,liff.iap.createPayment(),"Need access_token for api call, Please login first",The user is not logged in.,https://developers.line.biz/en/reference/line-mini-app/#liffiapcreatepayment
line-mini-app,endpoint-error,liff.iap.createPayment(),In-App Purchase is not allowed in external browser,The method was executed in an external browser.,https://developers.line.biz/en/reference/line-mini-app/#liffiapcreatepayment
line-mini-app,endpoint-error,liff.iap.createPayment(),In-App Purchase is not allowed in this LIFF app,The LINE MINI App being run by the user does not support in-app purchase.,https://developers.line.biz/en/reference/line-mini-app/#liffiapcreatepayment
line-mini-app,endpoint-error,Reserve purchase,VALIDATION_ERROR,"Request constraints are not met. For example, a value other than ios or android is passed to clientOs.",https://developers.line.biz/en/reference/line-mini-app/#reserve-purchase
line-mini-app,endpoint-error,Reserve purchase,WEBHOOK_URL_IS_NOT_SET,The webhook URL to receive payment completion notifications is not set.,https://developers.line.biz/en/reference/line-mini-app/#reserve-purchase
line-mini-app,endpoint-error,Reserve purchase,PRODUCT_ID_NOT_FOUND,The requested product ID does not exist.,https://developers.line.biz/en/reference/line-mini-app/#reserve-purchase
line-mini-app,endpoint-error,Reserve purchase,BLOCKED_USER,This user has been determined to be a fraudulent user by the LINE Platform. Requests related to this user can't be processed.,https://developers.line.biz/en/reference/line-mini-app/#reserve-purchase
line-mini-app,endpoint-error,Reserve purchase,INTERNAL_SERVER_ERROR,"A temporary issue has occurred on the LINE Platform. For endpoints where retries are possible, retry using exponential backoff or similar methods.",https://developers.line.biz/en/reference/line-mini-app/#reserve-purchase
line-mini-app,endpoint-error,Reserve purchase,TERMS_AGREEMENT_ERROR,"Occurs when the latest terms and conditions have not been agreed to by this user in ""Obtain user consent for in-app purchase"".",https://developers.line.biz/en/reference/line-mini-app/#reserve-purchase
line-mini-app,endpoint-error,Get webhook event history,VALIDATION_ERROR,"Request constraints are not met. For example, a value other than SUCCESS or FAILED is passed to status.",https://developers.line.biz/en/reference/line-mini-app/#get-webhook-event-history
line-mini-app,endpoint-error,Get webhook event history,INTERNAL_SERVER_ERROR,"A temporary issue has occurred on the LINE Platform. For endpoints that allow retries, retry using exponential backoff or similar methods.",https://developers.line.biz/en/reference/line-mini-app/#get-webhook-event-history
line-notification-messages,endpoint-error,Send a LINE notification message (template),400,Problem with the request. Consider these reasons:<ul><li>An invalid message destination is specified.</li><li>An invalid message object is specified.</li><li>Your LINE Official Account can't use the specified template.</li></ul>,https://developers.line.biz/en/reference/line-notification-messages/#send-a-line-notification-message-template
line-notification-messages,endpoint-error,Send a LINE notification message (template),403,Not authorized to use this endpoint.,https://developers.line.biz/en/reference/line-notification-messages/#send-a-line-notification-message-template
line-notification-messages,endpoint-error,Send a LINE notification message (template),422,"Failed to send a LINE notification message using the LINE notification messages API. Consider these reasons:<ul><li>There is no LINE user associated with the phone number specified as the target for sending messages.</li><li>The phone number specified as the message sending target wasn't issued in LINE notification message service target country. For more information, see Conditions for sending LINE notification messages.</li><li>The LINE user associated with the phone number specified as the message sending target has refused to receive LINE notification messages.</li><li>The LINE user associ",https://developers.line.biz/en/reference/line-notification-messages/#send-a-line-notification-message-template
line-notification-messages,endpoint-error,Get number of sent LINE notification messages (template),400,Problem with the request. Consider these reasons:<ul><li>An invalid date is specified.</li><li>The date is not specified.</li></ul>,https://developers.line.biz/en/reference/line-notification-messages/#get-number-of-sent-line-notification-messages-template
line-notification-messages,endpoint-error,Send a LINE notification message (flexible),400,Problem with the request. Consider these reasons:<ul><li>An invalid message destination is specified.</li><li>An invalid message object is specified.</li></ul>,https://developers.line.biz/en/reference/line-notification-messages/#send-a-line-notification-message-flexible
line-notification-messages,endpoint-error,Send a LINE notification message (flexible),422,"Failed to send a LINE notification message using the LINE notification messages API. Consider these reasons:<ul><li>There is no LINE user associated with the phone number specified as the target for sending messages.</li><li>The phone number specified as the message sending target wasn't issued in LINE notification message service target country. For more information, see Conditions for sending LINE notification messages.</li><li>The LINE user associated with the phone number specified as the message sending target has refused to receive LINE notification messages.</li><li>The LINE user associ",https://developers.line.biz/en/reference/line-notification-messages/#send-a-line-notification-message-flexible
line-notification-messages,endpoint-error,Get number of sent LINE notification messages (flexible),400,Problem with the request. Consider these reasons:<ul><li>An invalid date is specified.</li><li>The date is not specified.</li></ul>,https://developers.line.biz/en/reference/line-notification-messages/#get-number-of-sent-line-notification-messages-flexible
partner-docs,error-message,Mission Sticker API,400,invalid request,https://developers.line.biz/en/reference/partner-docs/#provide-mission-stickers-to-the-users
partner-docs,error-message,Mission Sticker API,403,not allowed to use the API,https://developers.line.biz/en/reference/partner-docs/#provide-mission-stickers-to-the-users
partner-docs,error-message,Mission Sticker API,404,not found,https://developers.line.biz/en/reference/partner-docs/#provide-mission-stickers-to-the-users
partner-docs,error-message,Mission Sticker API,500,internal error,https://developers.line.biz/en/reference/partner-docs/#provide-mission-stickers-to-the-users
partner-docs,error-message,Mission Sticker API,502,upstream error,https://developers.line.biz/en/reference/partner-docs/#provide-mission-stickers-to-the-users
partner-docs,endpoint-error,Mark messages from users as read,400,An invalid user ID is specified.,https://developers.line.biz/en/reference/partner-docs/#mark-messages-from-users-as-read
partner-docs,endpoint-error,Unlink (detach) the module channel by the operation of the module channel administrator,400,Couldn't unlink (detach) the module channel. Consider these reasons:<ul><li>An invalid user ID of the LINE Official Account bot is specified.</li><li>A non-existent LINE Official Account bot is specified.</li><li>The module channel isn't linked (attached).</li><li>A channel access token is specified for a non-module channel.</li></ul>,https://developers.line.biz/en/reference/partner-docs/#unlink-detach-the-module-channel-by-the-operation-of-the-module-channel-administrator
partner-docs,endpoint-error,Acquire Control API,400,An invalid ID is specified in the chatId parameter.,https://developers.line.biz/en/reference/partner-docs/#acquire-control-api
partner-docs,endpoint-error,Acquire Control API,404,Couldn't take the initiative (Chat Control). Consider these reasons:<ul><li>A user is specified who hasn't added the LINE Official Account attached to the module as a friend.</li><li>A group is specified that the LINE Official Account attached to the module doesn't participate in.</li><li>A multi-person chat is specified that the LINE Official Account attached to the module doesn't participate in.</li></ul>,https://developers.line.biz/en/reference/partner-docs/#acquire-control-api
partner-docs,endpoint-error,Acquire Control API,423,Another channel has acquired the initiative (Chat Control) within a certain period of time (a few seconds or so).,https://developers.line.biz/en/reference/partner-docs/#acquire-control-api
partner-docs,endpoint-error,Release Control API,400,An invalid ID is specified in the chatId parameter.,https://developers.line.biz/en/reference/partner-docs/#release-control-api
partner-docs,endpoint-error,Get a list of bots to which the module is attached,400,An invalid continuation token is specified.,https://developers.line.biz/en/reference/partner-docs/#get-a-list-of-bots-to-which-the-module-is-attached
