product,page,title,sections,section_count,doc_url
basics,basics/channel-access-token,Channel access token,What is a channel / Why use channel access tokens / Types of channel access tokens / Channel access token with a user-specified expiration (Channel access token v2.1) / Stateless channel access token / Short-lived channel access token / Long-lived channel access token / Example of channel access token operation / Checklist / Can be used repeatedly within the validity period / Revoke any channel access tokens suspected of being compromised,11,https://developers.line.biz/en/docs/basics/channel-access-token/
basics,basics/line-api-status,Check the availability of the LINE Platform (LINE API Status),What is LINE API Status / Provision of ATOM and RSS feeds / Display when operation is stable / Display when outage occurs / Services covered by LINE API Status / Accessing LINE API Status,6,https://developers.line.biz/en/docs/basics/line-api-status/
basics,basics/user-profile,Get user profile information,What is user profile information / Common Profile / LINE Profile+ / How to get profile information / Types of profile information that can be obtained,5,https://developers.line.biz/en/docs/basics/user-profile/
basics,basics,LINE Platform basics,General,1,https://developers.line.biz/en/docs/basics/
downloads,downloads,LINE API SDKs,LINE Messaging API SDKs / Official SDKs / LINE OpenAPI / Community SDKs and libraries / LIFF SDK / LINE SDK for iOS Swift / LINE SDK for Android / LINE SDK for Unity / LINE SDK for Flutter,9,https://developers.line.biz/en/docs/downloads/
liff,liff/cli-tool-create-liff-app,Building a LIFF app development environment with Create LIFF App,What is Create LIFF App / Languages and frameworks / Languages that can be generated by the Create LIFF App / Frameworks that can be generated with Create LIFF App / Operating environment / Advance preparation / Using the Create LIFF App / Create a development environment using the Create LIFF App / Start the LIFF app on the localhost / Next step,10,https://developers.line.biz/en/docs/liff/cli-tool-create-liff-app/
liff,liff/developing-liff-apps,Developing a LIFF app,Setting the title of the LIFF app / Integrating the LIFF SDK with the LIFF app / Specify the CDN path / Use the npm package / Initializing the LIFF app / Important points to consider when initializing the LIFF app / To use LINE Login in an external browser / Calling the LIFF API / Getting the environment in which the LIFF app is running / Performing a login process / Opening a URL / Opening the 2D code reader / Getting the screen type from which the LIFF app was launched / Get user profile / Getting the friendship status between the user and the LINE Official Account / Requesting the user to a,26,https://developers.line.biz/en/docs/liff/developing-liff-apps/
liff,liff/development-guidelines,LIFF app development guidelines,Be sure to securely handle user data / Cautions for initializing LIFF apps / LIFF app development rules / Prohibiting mass requests to the LINE Platform / Deauthorize your app when a user unregisters from your app,5,https://developers.line.biz/en/docs/liff/development-guidelines/
liff,liff/differences-between-liff-browser-and-external-browser,The differences between the LIFF browser and external browser,,0,https://developers.line.biz/en/docs/liff/differences-between-liff-browser-and-external-browser/
liff,liff/differences-between-liff-browser-and-line-in-app-browser,The differences between LIFF browser and LINE's in-app browser,LIFF browser / LINE's in-app browser / Identify whether a browser is the LIFF browser or LINE's in-app browser / Identify from the user interface / Identify using the `liff.isInClient()` method / The differences in features available between the LIFF browser and LINE's in-app browser,6,https://developers.line.biz/en/docs/liff/differences-between-liff-browser-and-line-in-app-browser/
liff,liff/getting-started,Create a channel,Log in to the LINE Developers Console / Creating a provider and channel / 1. Create a provider / 2. Create a channel / Next steps,5,https://developers.line.biz/en/docs/liff/getting-started/
liff,liff/liff-cli,LIFF CLI,What is the LIFF CLI / Operating environment of the LIFF CLI / Install the LIFF CLI / Manage channels / Add channels / Set the default channel / Manage LIFF apps / Create a LIFF app / Update a LIFF app / List LIFF apps / Delete a LIFF app / Create a LIFF app template / Options / Create a LIFF app development environment / Launch a local development server with HTTPS / Debug your LIFF app with the LIFF Inspector / Expose your local development server / Operating conditions of the `serve` command,20,https://developers.line.biz/en/docs/liff/liff-cli/
liff,liff/liff-plugin,LIFF plugin,What is LIFF plugin / Operating environment of LIFF Plugin / Using a LIFF plugin / If the LIFF plugin is a class / If the LIFF plugin is an object / Creating a LIFF plugin / name propery / install() method / About hook / Hooks for LIFF API / Hook types / Registering a callback on a hook / Creating a hook / Official LIFF plugins / LIFF Inspector / LIFF Mock,18,https://developers.line.biz/en/docs/liff/liff-plugin/
liff,liff/minimizing-liff-browser,Minimizing LIFF browser,What is LIFF browser minimization / Conditions of use for LIFF browser minimization / Minimizing a LIFF browser / Tapping an option from the action button / Tapping an in-app alert / Swiping a LIFF browser / Tapping the option from the action button (LINE version earlier than 26.7.0) / Maximizing a LIFF browser / Moving a minimized LIFF browser / Closing a minimized LIFF browser (LINE version earlier than 15.20.0) / Swiping a LIFF browser off the screen (only available in LINE for iOS) / Drag a minimized LIFF browser to the close icon / Closing a minimized LIFF browser (LINE version 15.20.0 or,14,https://developers.line.biz/en/docs/liff/minimizing-liff-browser/
liff,liff/opening-liff-app,Opening a LIFF app,"User actions when opening the LIFF app / Environment where the LIFF app opens when a user access the LIFF URL / Behaviors from accessing the LIFF URL to opening the LIFF app / Create a LIFF URL / Create a primary redirect URL / Create a secondary redirect URL / Opening a LIFF app from another LIFF app (LIFF-to-LIFF transition) / The conditions that make LIFF-to-LIFF transitions possible / Behavior based on screen size of the LIFF app / About the ""chat_message.write"" scope after transitioning between LIFF apps / Get URL from before LIFF-to-LIFF transition / Message displayed when another LIFF a",12,https://developers.line.biz/en/docs/liff/opening-liff-app/
liff,liff/overview,LIFF overview,Recommended operating environment / When the LIFF app is opened in a LIFF browser / When the LIFF app is opened in an external browser / LIFF browser / LIFF browser specifications / LIFF browser cache / Size of the LIFF browser / Action button / Dropdown menu / Multi-tab view / Development guidelines / Tools to support LIFF app development / Workflow,13,https://developers.line.biz/en/docs/liff/overview/
liff,liff/pluggable-sdk,Pluggable SDK,What is the pluggable SDK / Use conditions of the pluggable SDK / How to use the pluggable SDK / Import the liff object / Activate the LIFF APIs / Important points about the pluggable SDK / Example of correct execution of the liff.use() method / Example of wrong execution of the liff.use() method / LIFF API and the corresponding module list,9,https://developers.line.biz/en/docs/liff/pluggable-sdk/
liff,liff/registering-liff-apps,Adding a LIFF app to your channel,Before you begin / Adding the LIFF app to your channel / The order of LIFF apps on the LIFF tab / Other operations / Next steps,5,https://developers.line.biz/en/docs/liff/registering-liff-apps/
liff,liff/release-notes,Release notes,"LIFF version and release date / Current version / Version list / LIFF v2.30.0 released / Ahead of the release of a new feature for the LINE MINI App's add friend option, you can now pass arguments to some methods / How to update to LIFF v2.30.0 / LIFF v2.29.2 released / How to update to LIFF v2.29.2 / LIFF v2.29.1 released / How to update to LIFF v2.29.1 / LIFF v2.29.0 released / How to update to LIFF v2.29.0 / LIFF v2.28.0 released / We've added the `liff.requestFriendship()` method which prompts the user to add the LINE Official Account as a friend / How to update to LIFF v2.28.0 / LIFF v2.2",202,https://developers.line.biz/en/docs/liff/release-notes/
liff,liff/trying-liff-app,Trying the LIFF starter app,What is the LIFF starter app? / How to get started with the LIFF starter app / Environment / Downloading and running the source code / Deploying to a server / Getting and Setting a LIFF ID / Next step,7,https://developers.line.biz/en/docs/liff/trying-liff-app/
liff,liff/using-user-profile,Using user data in LIFF apps and servers,Use user data on server / Send user ID token to get user data / Send access token to get user data / Use user data in LIFF app,4,https://developers.line.biz/en/docs/liff/using-user-profile/
liff,liff/versioning-policy,Versioning policy,The LIFF MAJOR version status / The LIFF Versioning policy / LIFF SDK (sdk.js) update policy / The LIFF SDK life cycle / The LIFF SDK life cycle schedule,5,https://developers.line.biz/en/docs/liff/versioning-policy/
liff,liff,LINE Front-end Framework (LIFF),API references / Development guidelines / Quickstart / Guide / LIFF plugin / Tools / Resources,7,https://developers.line.biz/en/docs/liff/
line-ads-api,line-ads-api/about,About LINE Ads API,,0,https://developers.line.biz/en/docs/line-ads-api/about/
line-ads-api,line-ads-api/development-guidelines,LINE Ads API development guidelines,Prohibiting mass requests to the LINE Platform / Prohibiting requests for non-existent IDs / Saving logs / Logs for LINE Ads API request,4,https://developers.line.biz/en/docs/line-ads-api/development-guidelines/
line-conversion-api,line-conversion-api,LINE Conversion API,,0,https://developers.line.biz/en/docs/line-conversion-api/
line-developers-console,line-developers-console/best-practices-for-provider-and-channel-management,Best practices for provider and channel management,Characters / Grant admin roles to several developers for each provider and each channel / Create a provider for each service provider / Create channels that you want to link under the same provider / Create channels by region where you provide services / Register a mailing list email address in Email address on the Basic settings tab,6,https://developers.line.biz/en/docs/line-developers-console/best-practices-for-provider-and-channel-management/
line-developers-console,line-developers-console/delete-developer-account,Delete your developer account,Conditions for deleting your developer account / Delete your developer account / Status after deleting your developer account / Resume using the LINE Developers Console,4,https://developers.line.biz/en/docs/line-developers-console/delete-developer-account/
line-developers-console,line-developers-console/login-account,Log in to the LINE Developers Console,Log in to the LINE Developers Console / Log in with LINE account / Log in with business account / Log in with Yahoo! JAPAN ID / Create a developer account (only on first login) / Account relationships / Account relationships when creating a new Business ID / Link your Business ID with your LINE account / Unlink your LINE account from your Business ID / Available features,10,https://developers.line.biz/en/docs/line-developers-console/login-account/
line-developers-console,line-developers-console/managing-roles,Managing roles,"Provider roles / Adding developers, editing roles, and deleting developers on provider / Channel roles / Common to all channel types / LINE Login channel / Messaging API channel / LINE MINI App channel / Adding developers, editing roles, and deleting developers on channel",8,https://developers.line.biz/en/docs/line-developers-console/managing-roles/
line-developers-console,line-developers-console/notification,Receive notifications via email or the notification center,Types of notifications that can be received / Important announcements / Activity / News / Channel activity / Provider activity / Configure notification types and reception methods / Check notifications,8,https://developers.line.biz/en/docs/line-developers-console/notification/
line-developers-console,line-developers-console/overview,LINE Developers Console overview,Developer / Provider / Creating a provider / Deleting a provider / The number of providers that can be created / Certified provider / Channel / Creating a channel / Deleting a channel / The number of channels that can be created,10,https://developers.line.biz/en/docs/line-developers-console/overview/
line-developers-console,line-developers-console,LINE Developers Console,General,1,https://developers.line.biz/en/docs/line-developers-console/
line-login,line-login/development-guidelines,LINE Login development guidelines,Prohibited matters / Prohibiting mass requests to the LINE Platform / Required matters / Deauthorize your app when a user unregisters from your app / Recommended matters / Saving logs,6,https://developers.line.biz/en/docs/line-login/development-guidelines/
line-login,line-login/getting-started,Getting started with LINE Login,"Before you begin / Step 1: Create your LINE Login channel / Precautions for channel and provider linkage / Step 2: Deploy the starter app / Step 3: Check the channel settings and enter the callback URL / LINE Login's basic settings / Step 4: Try the app / Try out the other features of the starter app / Check logs / Step 5: Customize your app / Step 6: Publish your channel (optional) / How to test with a LINE Login channel with the ""Developing"" status / Next steps",13,https://developers.line.biz/en/docs/line-login/getting-started/
line-login,line-login/how-to-handle-auto-login-failure,How to handle auto login failure,Overview / When auto login on the LINE app fails / Detecting auto login failure / When auto login fails / When Universal Links or App Links don't work and the LINE app won't launch / Notes on making Universal Links work on iOS,6,https://developers.line.biz/en/docs/line-login/how-to-handle-auto-login-failure/
line-login,line-login/integrate-line-login-v2,Integrating LINE Login (v2.0) with your web app,Login flow / Creating a channel / Setting a callback URL / Authenticating users and making authorization requests / User authentication and authorization / Receiving the authorization code or error response with a web app / Receiving the authorization code / Receiving an error response / Getting an access token with a web app / Next steps,10,https://developers.line.biz/en/docs/line-login/integrate-line-login-v2/
line-login,line-login/integrate-line-login,Integrating LINE Login with your web app,Login flow / Create a channel / Setting a callback URL / Requesting permission to access the user's email address / Authenticating users and making authorization requests / Scopes / User authentication / User authorization / Receiving the authorization response or error response with a web app / Receiving the authorization code / Receiving an error response / Getting an access token with a web app / Response / Getting profile information from ID tokens / Next steps,15,https://developers.line.biz/en/docs/line-login/integrate-line-login/
line-login,line-login/integrate-pkce,PKCE support for LINE Login,What is PKCE? / Benefits of implementing PKCE for LINE Login / Implement PKCE for LINE Login / 1. Generate `code_verifier` / 2. Generate `code_challenge` / 3. Add `code_challenge` and` code_challenge_method` in the query parameters of the authorization URL / 4. Issue an access token by specifying `code_verifier` in the request body,7,https://developers.line.biz/en/docs/line-login/integrate-pkce/
line-login,line-login/link-a-bot,Add a LINE Official Account as a friend when logged in (add friend option),Displaying the option to add your LINE Official Account as a friend / Link a LINE Official Account with your channel / Redirect users to the LINE Login authorization URL with the `bot_prompt` query parameter / Getting the friendship status of the user and the LINE Official Account / Use the `friendship_status_changed` query parameter / Use the LINE Login API to get the friendship status,6,https://developers.line.biz/en/docs/line-login/link-a-bot/
line-login,line-login/login-button,LINE Login button design guidelines,Design guidelines / Size / Color / Text / Font / Padding / Isolation zone / Common mistakes to avoid,8,https://developers.line.biz/en/docs/line-login/login-button/
line-login,line-login/managing-access-tokens-v2,Managing access tokens (LINE Login v2.0),Get the user's access token / Refresh tokens / Verify access tokens,3,https://developers.line.biz/en/docs/line-login/managing-access-tokens-v2/
line-login,line-login/managing-access-tokens,Managing access tokens,Get the user's access token / Refresh tokens / Verify access tokens,3,https://developers.line.biz/en/docs/line-login/managing-access-tokens/
line-login,line-login/managing-authorized-apps,Managing authorized apps,When user revokes consent,1,https://developers.line.biz/en/docs/line-login/managing-authorized-apps/
line-login,line-login/managing-users-v2,Managing users (LINE Login v2.0),Get user profiles / Log out users,2,https://developers.line.biz/en/docs/line-login/managing-users-v2/
line-login,line-login/managing-users,Managing users,Getting user profiles / Logging out users,2,https://developers.line.biz/en/docs/line-login/managing-users/
line-login,line-login/overview,LINE Login overview,What is LINE Login / Experience LINE Login on the demo site / Start development to integrate LINE Login / Integrating with web apps / Integrating with native apps / LINE Login authentication methods / Identifying users / LINE Login versions / Require two-factor authentication / What is two-factor authentication? / Require two-factor authentication setting on the LINE Developers Console / Priority with the Two-factor Authentication Switch function / Differences in LINE Login behavior depending on authentication method / Related pages,14,https://developers.line.biz/en/docs/line-login/overview/
line-login,line-login/secure-login-process,Creating a secure login process between your app and server,Information that's safe to send and receive / Using access tokens to register new users / Using OpenID to register new users / Next steps,4,https://developers.line.biz/en/docs/line-login/secure-login-process/
line-login,line-login/security-checklist,LINE Login security checklist,Checklist for query parameters passed to the authorization URL / Checklist for query parameters returned to the callback URL / Checklist for issuing the access token / Checklist for using ID tokens and access tokens / Checklist for sending ID tokens and access tokens to the backend server for processing,5,https://developers.line.biz/en/docs/line-login/security-checklist/
line-login,line-login/using-line-url-scheme,Using LINE features with the LINE URL scheme,Supported LINE URL schemes / What happens when a LINE URL scheme is clicked / Supported platforms / Available LINE URL schemes / Opening the camera and camera roll / Sending location information / Sharing a LINE Official Account / Opening the LINE Official Account's LINE VOOM and business profile / Opening a chat screen with a LINE Official Account / Sending text messages / Opening profile information / Opening common LINE screens / Opening LINE settings / Opening Sticker Shop / Opening Theme Shop / Opening a LIFF app / Opening a URL in an external browser,17,https://developers.line.biz/en/docs/line-login/using-line-url-scheme/
line-login,line-login/verify-id-token,Get profile information from ID tokens,Get an ID token / About ID tokens / Header / Payload / Signature / Get profile information from an ID token,6,https://developers.line.biz/en/docs/line-login/verify-id-token/
line-login-sdks,line-login-sdks/android-sdk/handling-errors,Handling errors,,0,https://developers.line.biz/en/docs/line-login-sdks/android-sdk/handling-errors/
line-login-sdks,line-login-sdks/android-sdk/integrate-line-login,Integrating LINE Login with your Android app,Prerequisites / Upgrading from earlier SDK versions / Add LINE SDK dependency / Import the library into your project / Add Android compilation options / Setting the Android manifest file / Linking your app to your channel / Set Package Signatures / Adding the LINE Login button / Use the LINE SDK's built-in login button / Use a customized login button / Starting the login activity / Handling the login result / Get the access token / Get user profile immediately after login / Using user data on your server / Using the `LineApiClient` interface,17,https://developers.line.biz/en/docs/line-login-sdks/android-sdk/integrate-line-login/
line-login-sdks,line-login-sdks/android-sdk/link-a-bot,Enabling the add friend option with the SDK,Setting the bot prompt parameter in the login request / Checking the friendship status between the user and the LINE Official Account / Check the `LineLoginResult` object in the login response / Use LINE Login to get friendship status,4,https://developers.line.biz/en/docs/line-login-sdks/android-sdk/link-a-bot/
line-login-sdks,line-login-sdks/android-sdk/managing-access-tokens,Managing access tokens,Refreshing access tokens / Getting the current access token / Verifying access tokens,3,https://developers.line.biz/en/docs/line-login-sdks/android-sdk/managing-access-tokens/
line-login-sdks,line-login-sdks/android-sdk/managing-users,Managing users,Getting user profiles / Using ID tokens to verify user identity / Applying for email permission / Login with the OpenID and email scopes / Using ID tokens on your server / Handling user data responsibly / Logging out users,7,https://developers.line.biz/en/docs/line-login-sdks/android-sdk/managing-users/
line-login-sdks,line-login-sdks/android-sdk/overview,LINE SDK for Android overview,Features / User authentication / Utilizing user data with OpenID support / API calls / Open-source SDK / Using the LINE SDK / Trying the sample app / What's in this guide / Other resources,9,https://developers.line.biz/en/docs/line-login-sdks/android-sdk/overview/
line-login-sdks,line-login-sdks/android-sdk/release-notes,Release notes for LINE SDK for Android,LINE SDK 4.0.10 for Android released / LINE SDK 5.0.0 for Android released / LINE SDK 4.0.8 for Android released / LINE SDK 4.0.7 for Android released / LINE SDK 4.0.6 for Android released / LINE SDK 4.0.5 for Android released / LINE SDK 4.0.4 for Android released / LINE SDK 4.0.2 for Android released / LINE SDK 3.1.21 for Android released / LINE SDK 3.1.20 for Android released / LINE SDK 3.1.19 for Android version released / LINE SDK 3.1.18 for Android released,12,https://developers.line.biz/en/docs/line-login-sdks/android-sdk/release-notes/
line-login-sdks,line-login-sdks/android-sdk/try-line-login,Trying the sample app,"Prerequisites / Trying the sample app / Running the sample app / Using the ""Log in with LINE"" button / Using the ""login"" button / Using the ""web login"" button / Using the ""logout"" button / Trying out the features available on the LINE SDK",8,https://developers.line.biz/en/docs/line-login-sdks/android-sdk/try-line-login/
line-login-sdks,line-login-sdks/flutter-sdk,LINE SDK for Flutter,GitHub repository / API reference,2,https://developers.line.biz/en/docs/line-login-sdks/flutter-sdk/
line-login-sdks,line-login-sdks/ios-sdk/release-notes,Release notes for LINE SDK for iOS,LINE SDK 5.0.0 for iOS released / LINE SDK 4.1.1 for iOS released / LINE SDK 4.1.0 for iOS released / LINE SDK for iOS CocoaPod released / LINE SDK 4.0.1 for iOS released / Change to requirement on whitelisting LINE domains / The LINE SDK 3.2.1 for iOS released,7,https://developers.line.biz/en/docs/line-login-sdks/ios-sdk/release-notes/
line-login-sdks,line-login-sdks/ios-sdk/swift/error-handling,Handling errors,Overview / Error types and error reasons / Getting error data / Using shortcuts to handle common errors / Error code and user data / Conclusion,6,https://developers.line.biz/en/docs/line-login-sdks/ios-sdk/swift/error-handling/
line-login-sdks,line-login-sdks/ios-sdk/swift/integrate-line-login,Integrating LINE Login with your iOS app,Setting up the LineSDK framework and your channel ID / 1. Import the LineSDK framework / 2. Call the `LoginManager.setup` method / 3. Handle app opening / Performing a login process / Use the LINE SDK's built-in login button / Use your own code / Handling the login result / Token permissions / User profile / Using user data on your server,11,https://developers.line.biz/en/docs/line-login-sdks/ios-sdk/swift/integrate-line-login/
line-login-sdks,line-login-sdks/ios-sdk/swift/link-a-bot,Enabling the add friend option with the SDK,Setting the bot prompt parameter in the login request / Checking the friendship status between the user and the LINE Official Account / Check the `friendshipStatusChanged` property in the login response / Use LINE Login to get friendship status,4,https://developers.line.biz/en/docs/line-login-sdks/ios-sdk/swift/link-a-bot/
line-login-sdks,line-login-sdks/ios-sdk/swift/managing-access-tokens,Managing access tokens,Refreshing access tokens / Getting the current access token / Verifying access tokens,3,https://developers.line.biz/en/docs/line-login-sdks/ios-sdk/swift/managing-access-tokens/
line-login-sdks,line-login-sdks/ios-sdk/swift/managing-users,Managing users,Getting user profiles / Using ID tokens to verify user identities / Applying for email permission / Login with the OpenID and email scopes / Using ID tokens on your server / Treating user data carefully / Logging out users,7,https://developers.line.biz/en/docs/line-login-sdks/ios-sdk/swift/managing-users/
line-login-sdks,line-login-sdks/ios-sdk/swift/migration-guide,Upgrading the SDK,Upgrading to the latest SDK / Updating your code to use the latest SDK / Getting user profiles / Logging out users / Getting the current access token / Verifying access tokens,6,https://developers.line.biz/en/docs/line-login-sdks/ios-sdk/swift/migration-guide/
line-login-sdks,line-login-sdks/ios-sdk/swift/overview,LINE SDK for iOS Swift overview,Features / User authentication / Utilizing user data with OpenID support / API calls / Open-source SDK / Using the LINE SDK / Trying the starter app / What's in this guide / Other resources,9,https://developers.line.biz/en/docs/line-login-sdks/ios-sdk/swift/overview/
line-login-sdks,line-login-sdks/ios-sdk/swift/setting-up-project,Setting up your project,Prerequisites / Installation / CocoaPods / Carthage / Linking your app to your channel / Configuring the `Info.plist` file,6,https://developers.line.biz/en/docs/line-login-sdks/ios-sdk/swift/setting-up-project/
line-login-sdks,line-login-sdks/ios-sdk/swift/try-line-login,Trying the starter app,Prerequisites / Trying the starter app with the predefined sample channel / Trying the starter app with your own channel / Running the starter app / Trying out the features available on the LINE SDK,5,https://developers.line.biz/en/docs/line-login-sdks/ios-sdk/swift/try-line-login/
line-login-sdks,line-login-sdks/ios-sdk/swift/universal-links-support,Using universal links,1. Create an association between your app and your server / 2. Set up a universal link on the LINE Developers Console / 3. Call the `LoginManager.setup` method with the universal link / 4. Handle the login result after your app is opened by the universal link / Modify app delegate / Modify scene delegates,6,https://developers.line.biz/en/docs/line-login-sdks/ios-sdk/swift/universal-links-support/
line-login-sdks,line-login-sdks/ios-sdk/swift/using-objc,Using the SDK with Objective-C code,Overview / Option 1: Make a mixed-language project / Option 2: Use the Objective-C wrapper / Installation / Naming conventions / Handling errors with the Objective-C wrapper,6,https://developers.line.biz/en/docs/line-login-sdks/ios-sdk/swift/using-objc/
line-login-sdks,line-login-sdks/unity-sdk/integrate-line-login,Integrating LINE Login with your Unity game,Getting the SDK / Download from GitHub / Import into your project / Add LineSDK prefab to your scene / Update player settings / Settings for Android export / Settings for iOS export / Implement login with LINE,8,https://developers.line.biz/en/docs/line-login-sdks/unity-sdk/integrate-line-login/
line-login-sdks,line-login-sdks/unity-sdk/overview,LINE SDK for Unity overview,Features / User authentication / Utilizing user data with OpenID support / API calls / Open-sourced SDK / Using the SDK / Trying the starter app / What's in this guide / Other resources,9,https://developers.line.biz/en/docs/line-login-sdks/unity-sdk/overview/
line-login-sdks,line-login-sdks/unity-sdk/project-setup,Setting up your project,Unity requirements / Installation on iOS / Installation on Android,3,https://developers.line.biz/en/docs/line-login-sdks/unity-sdk/project-setup/
line-login-sdks,line-login-sdks/unity-sdk/release-notes,Release notes for LINE SDK for Unity,LINE SDK 1.0.0 for Unity released,1,https://developers.line.biz/en/docs/line-login-sdks/unity-sdk/release-notes/
line-login-sdks,line-login-sdks/unity-sdk/try-line-login,Trying the starter app,Prerequisites / Trying the starter app with the predefined sample channel / Trying the starter app with your own channel / Running the starter app / Trying out the features available on the LINE SDK,5,https://developers.line.biz/en/docs/line-login-sdks/unity-sdk/try-line-login/
line-login-sdks,line-login-sdks/unity-sdk/using-sdk,Using LINE SDK for other APIs and result handling,Calling LINE APIs with result handling / Getting user profile / Logging out users / Getting access token / Verify and refresh access tokens,5,https://developers.line.biz/en/docs/line-login-sdks/unity-sdk/using-sdk/
line-login-sdks,line-login-sdks,LINE Login SDKs,API references / LINE SDK v5 for iOS Swift / LINE SDK v5 for Android / LINE SDK for Unity / LINE SDK for Flutter / Resources,6,https://developers.line.biz/en/docs/line-login-sdks/
line-login,line-login,LINE Login,API references / Development guidelines / General / Web app / Native apps / What to do after LINE Login / Resources / Previous versions,8,https://developers.line.biz/en/docs/line-login/
line-mini-app,line-mini-app/demo/maas-demo,Travel experience demo,View the demo / Benefits / End user benefits / Service provider benefits / Related links,5,https://developers.line.biz/en/docs/line-mini-app/demo/maas-demo/
line-mini-app,line-mini-app/demo/membership-demo,Membership card demo,View the demo / How to use the demo app / Benefits / End-user benefits / Service provider benefits / System and sequence diagram of the demo application / Related links,7,https://developers.line.biz/en/docs/line-mini-app/demo/membership-demo/
line-mini-app,line-mini-app/demo/mixwayapi-demo,Event experience demo,View the demo / How to use the demo app / Benefits / End user benefits / Service provider benefits / System and sequence diagram of the demo application / Related links,7,https://developers.line.biz/en/docs/line-mini-app/demo/mixwayapi-demo/
line-mini-app,line-mini-app/demo/reservation-demo,Store reservation demo,View the demo / How to use / Benefits / End user benefits / Service provider benefits / System and sequence diagram of the demo application / Hair salon / Restaurant / Related links,9,https://developers.line.biz/en/docs/line-mini-app/demo/reservation-demo/
line-mini-app,line-mini-app/demo/smartretail-demo,Purchase experience demo,OMO concept powered by LINE / View the smartphone register demo / Benefits / End user benefits / Service provider benefits / System and sequence diagram of the demo application / Related links,7,https://developers.line.biz/en/docs/line-mini-app/demo/smartretail-demo/
line-mini-app,line-mini-app/demo/tableorder-demo,Table order demo,View the demo / How to use / Benefits / End user benefits / Service provider benefits / System and sequence diagram of the demo application / Related links,7,https://developers.line.biz/en/docs/line-mini-app/demo/tableorder-demo/
line-mini-app,line-mini-app/demo/traisare-demo,Mobile experience demo,View the demo / Benefits / End user benefits / Service provider benefits / System and sequence diagram of the demo application / Related links,6,https://developers.line.biz/en/docs/line-mini-app/demo/traisare-demo/
line-mini-app,line-mini-app/design/landscape,Safe area of LINE MINI App,For normal mode / For landscape mode,2,https://developers.line.biz/en/docs/line-mini-app/design/landscape/
line-mini-app,line-mini-app/design/line-mini-app-icon,LINE MINI App icon specifications and guidelines,The main locations for the LINE MINI App icon / Guidelines / Prohibited matters / Required matters / Recommended matters / How to upload an image for the icon,6,https://developers.line.biz/en/docs/line-mini-app/design/line-mini-app-icon/
line-mini-app,line-mini-app/design/loading-icon,Loading icon,,0,https://developers.line.biz/en/docs/line-mini-app/design/loading-icon/
line-mini-app,line-mini-app/develop/add-to-home-screen,Add a shortcut to your LINE MINI App to the home screen of the user's device,Operating conditions,1,https://developers.line.biz/en/docs/line-mini-app/develop/add-to-home-screen/
line-mini-app,line-mini-app/develop/channel-consent-simplification,LINE MINI App authorization flow,"What is the ""Channel consent simplification"" feature / The ""Channel consent simplification"" feature setup / Operating conditions for the ""Channel consent simplification"" feature / Authorization flow in LINE MINI Apps where the ""Channel consent simplification"" feature is enabled / 1. Request permission to get the user ID (the `openid` scope) on the simplification consent screen / 2. Request permissions other than the `openid` scope on the verification screen / Important points about using the ""Channel consent simplification"" feature together with the add friend option / Authorization flow in LI",9,https://developers.line.biz/en/docs/line-mini-app/develop/channel-consent-simplification/
line-mini-app,line-mini-app/develop/configure-console,Settings displayed to LINE MINI App users,Provider settings / **Settings** tab / Channel settings / **Basic settings** tab / **Web app settings** tab / Action button / Multi-tab view / Verification screen / Channel consent screen / Multi-language support of the Channel consent screen / Footer section of service message / Add Shortcut screen,12,https://developers.line.biz/en/docs/line-mini-app/develop/configure-console/
line-mini-app,line-mini-app/develop/custom-path,Configuring Custom Path,How to apply / If your service area is Japan / If your service area is Taiwan or Thailand / Notes on applying for Custom Path / String that can be used as a Custom Path,5,https://developers.line.biz/en/docs/line-mini-app/develop/custom-path/
line-mini-app,line-mini-app/develop/develop-overview,Getting started,Create a LINE MINI App Channel / Privacy policy URL settings / Precautions for channel and provider linkage / Develop a LINE MINI App / Internal structure of a LINE MINI App channel / Using APIs / Use basic authentication to restrict access to your LINE MINI App before it is released / How to use basic authentication / Conditions for basic authentication / Notes on using basic authentication / Our recommendations for development / Request LINE MINI App review,12,https://developers.line.biz/en/docs/line-mini-app/develop/develop-overview/
line-mini-app,line-mini-app/develop/external-browser,Open a LINE MINI App in an external browser,Explicitly handle logging in for services that require LINE Login / 1. Automatic execution of LINE Login at initialization / 2. Execute LINE Login when a user isn't logged in / Direct users to the LINE app when using features that aren't available in an external browser / Assume that non-LINE users will open the LINE MINI App,5,https://developers.line.biz/en/docs/line-mini-app/develop/external-browser/
line-mini-app,line-mini-app/develop/payment,Handling payments,Available payment system / LINE Pay / Preparing LINE Pay Merchant Account / Developing a service that uses LINE Pay / Testing LINE Pay / In-app purchase for the LINE MINI App / Other payment methods,7,https://developers.line.biz/en/docs/line-mini-app/develop/payment/
line-mini-app,line-mini-app/develop/performance-guidelines,Performance guidelines,,0,https://developers.line.biz/en/docs/line-mini-app/develop/performance-guidelines/
line-mini-app,line-mini-app/develop/permanent-links,Creating permanent links,Differences in domain names depending on the LINE app version / If the user doesn't have LINE installed,2,https://developers.line.biz/en/docs/line-mini-app/develop/permanent-links/
line-mini-app,line-mini-app/develop/service-messages,Sending service messages,Chat room where service messages are displayed / Types of service messages that can be sent / Preview service messages / Flow of sending a service message / Adding service message templates to the channel / Template elements / Maximum number of characters for each element / Sending service messages for the first time / Sending subsequent service messages / Save the service notification token included in the response,10,https://developers.line.biz/en/docs/line-mini-app/develop/service-messages/
line-mini-app,line-mini-app/develop/share-messages-standard,An example of a JSON file that adheres to guidelines,Standard type / Image list type,2,https://developers.line.biz/en/docs/line-mini-app/develop/share-messages-standard/
line-mini-app,line-mini-app/develop/share-messages,Implementing a custom action button,Guidelines / Using share target picker / Custom share message format,3,https://developers.line.biz/en/docs/line-mini-app/develop/share-messages/
line-mini-app,line-mini-app/develop/web-to-mini-app,Implementing web apps in operation as LINE MINI Apps,What is LINE MINI App / Requirements / Procedure for implementing a web app as a LINE MINI App / 1. Create a LINE MINI App channel / 2. Load the LIFF SDK on the web app side / 3. Initialize the LIFF app / 4. Implement the necessary features / 5. Configure the LINE MINI App channel / 6. Request a review of your LINE MINI App / Next step,10,https://developers.line.biz/en/docs/line-mini-app/develop/web-to-mini-app/
line-mini-app,line-mini-app/development-guidelines,LINE MINI App development guidelines,Prohibiting mass requests to the LINE Platform / Saving logs / Service message API request logs / Deauthorize your app when a user unregisters from your app,4,https://developers.line.biz/en/docs/line-mini-app/development-guidelines/
line-mini-app,line-mini-app/discover/builtin-features,Built-in features,Action button / Dropdown menu / Multi-tab view / Channel consent simplification,4,https://developers.line.biz/en/docs/line-mini-app/discover/builtin-features/
line-mini-app,line-mini-app/discover/console-guide,LINE Developers Console Guide for LINE MINI App,LINE Developers Console for LINE MINI App / Precautions for using LINE Developers Console for LINE MINI App / Basic structure of a LINE MINI App channel / Confirm LIFF ID and set endpoint URL / Issuing a channel access token / About configuring the company or owner's country or region / When settings on the LINE Developers Console are reflected / Channel description / Differences in the behavior of the 3 LINE MINI Apps,9,https://developers.line.biz/en/docs/line-mini-app/discover/console-guide/
line-mini-app,line-mini-app/discover/custom-features,Custom features,Service messages / Custom Path / Add a shortcut to your LINE MINI App to the home screen of the user's device / Common Profile Quick-fill / Display your LINE MINI App name in the header / Inducing users to add your Official Account as a friend / Custom action button / Using payment systems / Place ads,9,https://developers.line.biz/en/docs/line-mini-app/discover/custom-features/
line-mini-app,line-mini-app/discover/introduction,Introducing LINE MINI App,Introduction / Things you can do with LINE MINI App / Unverified MINI Apps and verified MINI Apps / What are unverified MINI Apps / What are verified MINI Apps / LINE MINI App Components / Ways in which users can access LINE MINI Apps / Access from outside of LINE / LINE Official Account / Home Tab / Searching on LINE / LINE Message / Features available on LIFF apps but not on LINE MINI Apps,13,https://developers.line.biz/en/docs/line-mini-app/discover/introduction/
line-mini-app,line-mini-app/discover/native-mini,The differences between native apps and LINE MINI Apps,Experiences that can be realized with LINE MINI Apps / 1. Barrier to use / 2. Notification delivery rate / 3. Retention / Features available in native apps and LINE MINI Apps / Camera / microphone / GPS / Bluetooth / Adding icons to home screen / Development costs of native apps and LINE MINI Apps / Development costs / Ease of updates / FAQ,13,https://developers.line.biz/en/docs/line-mini-app/discover/native-mini/
line-mini-app,line-mini-app/discover/specifications,LINE MINI App specifications,HTML5 Support / Support Media Formats / HTML5 Support in the browser / Supported Platforms and Versions / Opening LINE MINI App in an external browser / Supported LIFF Versions,6,https://developers.line.biz/en/docs/line-mini-app/discover/specifications/
line-mini-app,line-mini-app/discover/ui-components,LINE MINI App UI components,Header / Body,2,https://developers.line.biz/en/docs/line-mini-app/discover/ui-components/
line-mini-app,line-mini-app/in-app-purchase/iap-guidelines,In-app purchase development guidelines,Prohibited matters / Don't restrict access by IP address / Required matters / Verify access token validity / Recommended matters / Implement with non-breaking changes in mind / Verify the webhook signature / Eliminate duplicates / Implement proper error handling / Don't send duplicate payment notifications,10,https://developers.line.biz/en/docs/line-mini-app/in-app-purchase/iap-guidelines/
line-mini-app,line-mini-app/in-app-purchase/iap-product-id,List of product IDs for items available for purchase via in-app purchase,Product ID,1,https://developers.line.biz/en/docs/line-mini-app/in-app-purchase/iap-product-id/
line-mini-app,line-mini-app/in-app-purchase/iap-settings,Set up in-app purchase,Register the webhook URL / Register the webhook URL for the developing / Register the webhook URL for published / Use the test payment feature / Tester permissions for the test payment feature,5,https://developers.line.biz/en/docs/line-mini-app/in-app-purchase/iap-settings/
line-mini-app,line-mini-app/in-app-purchase/implement-in-app-purchase,Integrate the in-app purchase feature,Preparation / Implementation flow / 1. Check if your environment is compatible with in-app purchase / 2. Get information about purchasable items / 3. Obtain user consent for in-app purchase / 4. Reserve a purchase from your LINE MINI App server / 5. Start the purchase transaction at the store / 6. Receive webhook and process purchase completion / Test payment guide / LINE MINI App channel roles / Tester permissions for the test payment feature / Test payment procedure / Production operation checklist / User notification on successful payment / How users check purchase history,15,https://developers.line.biz/en/docs/line-mini-app/in-app-purchase/implement-in-app-purchase/
line-mini-app,line-mini-app/in-app-purchase/overview,In-app purchase overview,What is in-app purchase / Service fees for the in-app purchase feature / Flow to start using in-app purchase / System architecture / Conditions / In-app purchase use conditions / In-app purchase requirements / Available items and prices / In-app purchase cancellation / Example process flow,10,https://developers.line.biz/en/docs/line-mini-app/in-app-purchase/overview/
line-mini-app,line-mini-app/in-app-purchase/request-iap-review,Apply to use in-app purchase,Things to check prior to applying / Relationship between the in-app purchase review and the verification review / In-app purchase review period / Application flow / 1. Enter the required information / 2. Apply to use in-app purchase / 3. Configure after approval / Change application information,8,https://developers.line.biz/en/docs/line-mini-app/in-app-purchase/request-iap-review/
line-mini-app,line-mini-app/quick-fill/design-regulations,Common Profile Quick-fill design regulations,User experience with Quick-fill / Recommended screen transitions / Prohibited screen transitions / Auto-fill button guidelines / What is the Auto-fill button / Example of using the Auto-fill button / Location of the Auto-fill button / Prohibited items for the Auto-fill button / Types of Auto-fill buttons / Type A / Type B / Type C / Type D,13,https://developers.line.biz/en/docs/line-mini-app/quick-fill/design-regulations/
line-mini-app,line-mini-app/quick-fill/overview,Overview of Common Profile Quick-fill,What is Common Profile Quick-fill / Languages that support Quick-fill / Steps for using Quick-fill / Step 1. Prepare a verified MINI App / Step 2. Apply to use Quick-fill and develop / Integrate Quick-fill with the LIFF Plugin / Specify a CDN path to integrate Quick-fill / Use the npm package to integrate Quick-fill / Quick-fill operating environment / LIFF SDK version / Node.js version / Types of scope that can be selected in the LINE Developers Console / The `scopes` parameters that can be specified and its return value / Dummy data for Common Profile that can be obtained / Options for getti,16,https://developers.line.biz/en/docs/line-mini-app/quick-fill/overview/
line-mini-app,line-mini-app/quickstart,Get started with LINE MINI App,Process from LINE MINI App development to release / Common Guidelines / Guideline per Role / Guideline for Service Planners / Guideline for Developers / Guideline for Designers / Guideline for Service Operators and Marketers,7,https://developers.line.biz/en/docs/line-mini-app/quickstart/
line-mini-app,line-mini-app/service/business-manager-link,Link a LINE MINI App channel to a Business Manager organization,Requirements for linking to a Business Manager organization / How to link to a Business Manager organization / 1. A developer sends a link request / 2. A developer sends the link request URL to the Business Manager organization administrator / 3. The Business Manager organization administrator approves the request / Account linking review / Requirements for starting an account linking review / Account linking review status / If the account linking review is rejected / Account linking review resubmission / Link a LINE MINI App channel to a LINE Official Account / Requirements for linking to a L,14,https://developers.line.biz/en/docs/line-mini-app/service/business-manager-link/
line-mini-app,line-mini-app/service/line-mini-app-ads,Place ads in LINE MINI Apps,Ads that can be placed in LINE MINI Apps / How to place LY Ads in LINE MINI Apps / 1. Check the documentation / 2. Apply to become a network partner / 3. Apply for LY Ads site review,5,https://developers.line.biz/en/docs/line-mini-app/service/line-mini-app-ads/
line-mini-app,line-mini-app/service/line-mini-app-oa,Use LINE Official Account,Send rich messages / Set a link to your LINE MINI App in a rich menu / Add the LINE Official Account as a friend on the LINE MINI App / Add friend option / `liff.requestFriendship()` method,5,https://developers.line.biz/en/docs/line-mini-app/service/line-mini-app-oa/
line-mini-app,line-mini-app/service/service-operation,Running your service,Sharing the LINE MINI App Link / Conditions for service messages / Notifications allowed by service messages / Notifications disallowed by service messages / Message Count Limit / Service Message Templates / Channel consent simplification,7,https://developers.line.biz/en/docs/line-mini-app/service/service-operation/
line-mini-app,line-mini-app/service/update-service,Re-review after updating your verified MINI App,,0,https://developers.line.biz/en/docs/line-mini-app/service/update-service/
line-mini-app,line-mini-app/submit/submission-guide,Submitting LINE MINI App,Things to check prior to requesting review of your LINE MINI App / Review period / When requesting review for multiple LINE MINI Apps / Review Process / 1. Submit an application for review in the LINE Developers Console / 2. After your LINE MINI App has been approved / Provider of a LINE MINI App channel that has passed review,7,https://developers.line.biz/en/docs/line-mini-app/submit/submission-guide/
line-mini-app,line-mini-app/technicalcase/bravetechnology,"'How queue management solutions are scaling with the LINE MINI App: The development use case of ""matoca"" and ""yoboca""'",The service provider’s thoughts on developing the system / Image / System overview / Adopting AWS with future scalability in mind / Aiming to deliver services that enhance marketing and customer loyalty through integration with other services / A message for those developing new services / Related links,7,https://developers.line.biz/en/docs/line-mini-app/technicalcase/bravetechnology/
line-mini-app,line-mini-app/technicalcase/classmethod,A case study of mobile order system CX ORDER,"The service provider’s thoughts on developing the system / Image / System overview / Built primarily on AWS, with the adoption of Google Cloud also underway / Ongoing cloud infrastructure and operational costs / Operational tools supporting the infrastructure / Aiming to boost sales, improve operational efficiency, and reduce labor needs at client stores / Requests for the LINE API / A message for those developing new services / Related Links",10,https://developers.line.biz/en/docs/line-mini-app/technicalcase/classmethod/
line-mini-app,line-mini-app/technicalcase/grandream,Technical case study of the GDL platform: achieving both cost-efficiency and flexibility,Service overview and the challenges we want to solve / Image / System overview / Utilizing system data in services / Utilizing AWS for its diverse services / Cloud infrastructure running costs / Operational tools that support our infrastructure / Future goals / Related links,9,https://developers.line.biz/en/docs/line-mini-app/technicalcase/grandream/
line-mini-app,line-mini-app/technicalcase/hakuhodo,"A development case study of “PoHUNT,” a digital revitalization initiative for mobility and health promotion in Asahi Town, Toyama Prefecture",The service provider’s thoughts on developing the system / Image / System overview / Using AWS for its comprehensive functionality and ease of maintenance / Ongoing cloud infrastructure and operational costs / Operational tools supporting the infrastructure / Linking with the municipality's LINE Official Account to revitalize the entire town / A message for those developing new services / Related links,9,https://developers.line.biz/en/docs/line-mini-app/technicalcase/hakuhodo/
line-mini-app,line-mini-app/technicalcase/kirifuda-morikaranotegami,Nature conservation through play: A technical case study of Letters from the Forest launched on the LINE MINI App,"Service overview: ""Letters from the Forest"", a LINE MINI App for logging environmental actions / Image / System overview / Technical configuration of ""Letters from the Forest"": Seamless integration of LIFF and blockchain / Initial feedback and operational reality / Future outlook: Building a cross-sector environmental contribution program / A message for those considering using LINE API / Related links",8,https://developers.line.biz/en/docs/line-mini-app/technicalcase/kirifuda-morikaranotegami/
line-mini-app,line-mini-app,LINE MINI App,API reference / Development guidelines / Quickstart / Discover LINE MINI App / Design LINE MINI App / Develop LINE MINI App / Common Profile Quick-fill / In-app purchase / Submit LINE MINI App / Service LINE MINI App / Tools / Demo / Case studies,13,https://developers.line.biz/en/docs/line-mini-app/
line-social-plugins,line-social-plugins/general/guidelines,Usage Guidelines for the LINE Social Plugin,Definitions / Agreement to the Guidelines / Retention of Rights / Terms of Use / Alteration and Termination of the Service / The Installer’s Responsibility / Exemption of Liability / Modification of the Guidelines / Governing Law and Jurisdiction / Inquiries,19,https://developers.line.biz/en/docs/line-social-plugins/general/guidelines/
line-social-plugins,line-social-plugins/general/overview,LINE Social Plugins overview,Types of plug-ins / How it works,2,https://developers.line.biz/en/docs/line-social-plugins/general/overview/
line-social-plugins,line-social-plugins/install-guide/using-add-friend-buttons,Using Add friend buttons,About / Create button / Need more help?,3,https://developers.line.biz/en/docs/line-social-plugins/install-guide/using-add-friend-buttons/
line-social-plugins,line-social-plugins/install-guide/using-like-buttons,Using Like buttons,About / Create button / Need more help?,3,https://developers.line.biz/en/docs/line-social-plugins/install-guide/using-like-buttons/
line-social-plugins,line-social-plugins/install-guide/using-line-share-buttons,Using Share buttons,About / Using official LINE icons / Using custom icons / Need more help?,4,https://developers.line.biz/en/docs/line-social-plugins/install-guide/using-line-share-buttons/
line-social-plugins,line-social-plugins/resources/design-guide,Design guide,Sample images / Design guide for custom icons / Color / Text,4,https://developers.line.biz/en/docs/line-social-plugins/resources/design-guide/
line-social-plugins,line-social-plugins/resources/release-notes,Release notes,"Seamless sharing experience from desktop to mobile / Removed the ""Like and share"" option / Added an option to customize the share counter / Easily share content from desktop / Newly added share counter / Our service has a new name: LINE Social Plugins / Added an option to share to a specific audience / New Add friend and Like buttons / Support of traditional Chinese / Release of LINE Social Plugins",10,https://developers.line.biz/en/docs/line-social-plugins/resources/release-notes/
messaging-api,messaging-api/actions,Actions,Postback action / Message action / URI action / Datetime picker action / Camera action / Camera roll action / Location action / Rich menu switch action / Clipboard action,9,https://developers.line.biz/en/docs/messaging-api/actions/
messaging-api,messaging-api/beacon-device-spec,LINE Beacon device specification,Requirements for LINE Beacon compliant devices / LINE Beacon packets / Packet transmission interval / Advertising packet specification / Generate a secure message / 1. Generate a message authentication code / 2. Generate a masked timestamp / 3. Concatenate items / Required parameters for secure messages / iBeacon packets,10,https://developers.line.biz/en/docs/messaging-api/beacon-device-spec/
messaging-api,messaging-api/building-bot,Build a bot,Before you begin / Settings on LINE Developers Console / Prepare a channel access token / Set a webhook URL / Add your LINE Official Account as a friend / Restrict who can call the API when using a long-lived channel access token (optional) / Verify that webhook works / Receive webhook events / Settings on LINE Official Account Manager / Customize your business profile / Set a greeting message (optional) / Set auto reply messages (optional) / Next steps,13,https://developers.line.biz/en/docs/messaging-api/building-bot/
messaging-api,messaging-api/check-webhook-error-statistics,Check webhook error causes and statistics,Enable error statistics / Check the reason for errors / Check the detail for errors / The reason is `could_not_connect` / The reason is `request_timeout` / The reason is `error_status_code` / The reason is `unclassified` / Enable webhook redelivery to prepare for errors,8,https://developers.line.biz/en/docs/messaging-api/check-webhook-error-statistics/
messaging-api,messaging-api/create-flex-message-including-video,Create a Flex Message including a video,Requirements to include videos in Flex Messages / Video aspect ratio / URI actions for videos / Define a Flex Message with a video / Playback behavior / Playback in a chat room / Playback in a video player / Display on version of LINE that doesn't support the video component / Videos in Flex Message Simulator / Related pages,10,https://developers.line.biz/en/docs/messaging-api/create-flex-message-including-video/
messaging-api,messaging-api/development-guidelines,Messaging API development guidelines,Prohibited matters / Don't send mass requests to the LINE Platform / Don't do load testing through the LINE Platform / Don't send mass messages to the same user / Don't send requests to invalid user IDs / Don't try to identify user attributes / Don't restrict access by IP address / Recommended matters / Recommended processing on receipt of unsend event / Recommended verification of webhook signature when receiving webhooks / Recommendation for implementation assuming non-breaking feature additions / Save logs,12,https://developers.line.biz/en/docs/messaging-api/development-guidelines/
messaging-api,messaging-api/download-bot-designer,Download LINE Bot Designer,Bot Designer for macOS / Bot Designer for Windows,2,https://developers.line.biz/en/docs/messaging-api/download-bot-designer/
messaging-api,messaging-api/emoji-list,LINE emoji,Specify LINE emojis in message objects / LINE emoji definitions,2,https://developers.line.biz/en/docs/messaging-api/emoji-list/
messaging-api,messaging-api/flex-message-elements,Flex Message elements,Container / Bubble / Carousel / Block / Component / Box / Button / Image / Video / Icon / Text / Span / Separator / Filler / Learn more,15,https://developers.line.biz/en/docs/messaging-api/flex-message-elements/
messaging-api,messaging-api/flex-message-layout,Flex Message layout,"Box component orientation / Child components in baseline boxes / Available child components / Component size / Width allocation in a horizontal box / Height allocation in a vertical box / Box width / Maximum width of a box / Box height / Maximum height of a box / Image size / Icon, text, and span size / Size of other components / Automatically shrink fonts to fit / Scaling to size according to the font size setting / Component position / Horizontally align text or images / Vertically align text, images, or button / Position child component with box padding / Child component arrangement with fr",28,https://developers.line.biz/en/docs/messaging-api/flex-message-layout/
messaging-api,messaging-api/generate-json-web-token,Issue channel access token v2.1,Process of issuing a channel access token v2.1 / Create an assertion signing key / 1. Generate a key pair for the assertion signing key / 2. Register public key and get `kid` / Generate a JWT / Header / Payload / Signature / Issue a channel access token v2.1 / Revoke channel access token v2.1,10,https://developers.line.biz/en/docs/messaging-api/generate-json-web-token/
messaging-api,messaging-api/get-quote-tokens,Get quote tokens,What is a quote token / Get quote tokens / Get quote tokens via webhook / Get quote tokens in the response when sending a message,4,https://developers.line.biz/en/docs/messaging-api/get-quote-tokens/
messaging-api,messaging-api/getting-started,Get started with the Messaging API,1. Create a LINE Official Account / Step 1-1. Register for Business ID / Step 1-2. Fill in the entry form / Step 1-3. Check your LINE Official Account / 2. Enable the Messaging API for your LINE Official Account / Step 2-1. Enable the use of the Messaging API / Step 2-2. Log in to the LINE Developers Console / Step 2-3. Check that you have a channel / [End-of-life] Create a channel in the LINE Developers Console / Next steps,10,https://developers.line.biz/en/docs/messaging-api/getting-started/
messaging-api,messaging-api/getting-user-ids,Get user IDs,What is user ID / Unit for issuing user IDs / Getting a user ID / Developer gets their own user ID / Get a user ID from webhook / Get user IDs of all of your friends / Get all user IDs of group and multi-person chat members / User ID validation,8,https://developers.line.biz/en/docs/messaging-api/getting-user-ids/
messaging-api,messaging-api/group-chats,Group chats and multi-person chats,Types of chats with multiple users / Group chats / Multi-person chats / Add LINE Official Account in group & multi-person chats / Receive webhook events / Tip for using message events / Send a request to an endpoint / Tip for sending messages,8,https://developers.line.biz/en/docs/messaging-api/group-chats/
messaging-api,messaging-api/icon-nickname-switch,Customize icon and display name,Customize the icon and display name / Example request / Icon and display name customization scope / Chat rooms / Message search result / Chat list and preview / Chat list search result / Friends list / Learn more,9,https://developers.line.biz/en/docs/messaging-api/icon-nickname-switch/
messaging-api,messaging-api/line-bot-sdk,LINE Messaging API SDKs,Official SDKs / LINE OpenAPI / Community SDKs and libraries,3,https://developers.line.biz/en/docs/messaging-api/line-bot-sdk/
messaging-api,messaging-api/linking-accounts,User account linking,Account linking sequence / Linking accounts / 1. Issue a link token / 2. Send the linking URL to the user / 3. Get the user's ID of your service / 4. Generate a nonce and redirect the user to the LINE Platform / 5. Linking accounts / Unlinking accounts / Learn more,9,https://developers.line.biz/en/docs/messaging-api/linking-accounts/
messaging-api,messaging-api/mark-as-read,Mark messages as read,"Conditions for marking messages as read in the Messaging API / How to mark messages as read using the Messaging API / 1. Get the read token of the message / 2. Use the ""Mark messages as read"" endpoint",4,https://developers.line.biz/en/docs/messaging-api/mark-as-read/
messaging-api,messaging-api/measure-impressions,Measure impressions,Aggregation environment / Endpoints for obtaining statistics / What is an impression? / Impression types / Actions that aren't counted as impressions / Impression measurement logic / Display message bubbles at 100% / Duplicate counting doesn't occur when scrolling / About carousel messages / Usage precautions / Make sure that it's within the measurement period / Avoid making the message too tall / Avoid interfering with the rich menus or the service menu bar,13,https://developers.line.biz/en/docs/messaging-api/measure-impressions/
messaging-api,messaging-api/message-types,Message types,Text message / Text message (v2) / Sticker message / Image message / Video message / Audio message / Location message / Coupon message / Imagemap message / Template message / Buttons template / Confirm template / Carousel template / Image carousel template / Flex Message / Common features / Quick reply / Related pages,18,https://developers.line.biz/en/docs/messaging-api/message-types/
messaging-api,messaging-api/nodejs-sample,Tutorial - Make a reply bot,Before you start / Preparation / 1. Set up Heroku / 2. Set up the project / 3. Implement the bot / 3-1. Set global configuration / 3-2. Set middleware / 3-3. Set routing / 3-4. Send a reply / 4. Prepare a Messaging API channel / 5. Deploy to Heroku / Verify webhook URL / Try the bot / Troubleshoot the sample bot / Next steps / Learn more,16,https://developers.line.biz/en/docs/messaging-api/nodejs-sample/
messaging-api,messaging-api/overview,Messaging API overview,How the Messaging API works / Try the demo / What you can do with the Messaging API / Send reply messages / Send messages at any time / Send different message types / Get content sent by users / Get user profiles / Join group chats / Use rich menus / Use beacons / Use account link / Get the number of sent messages / Messaging API pricing / Next steps / Learn more,16,https://developers.line.biz/en/docs/messaging-api/overview/
messaging-api,messaging-api/pricing,Messaging API pricing,Pricing system / Pricing plans by country or region / Example of subscription plans / When you exceed the limit of free messages / How to count the number of messages sent / Sending methods that are counted towards the number of messages for the subscription plan,6,https://developers.line.biz/en/docs/messaging-api/pricing/
messaging-api,messaging-api/receiving-messages,Receive messages (webhook),"Verify signature / Webhook event types / Webhook events for chats / Other webhook events / Processing on receipt of unsend event / Redeliver a webhook that failed to be received / Redelivered webhooks / Enable webhook redelivery / Conditions for webhook redelivery / Check the cause of the webhook errors / Get user-sent content with webhook / Get images, videos, audio, and files / Get a preview image of the image or video / Get user profile",14,https://developers.line.biz/en/docs/messaging-api/receiving-messages/
messaging-api,messaging-api/retrying-api-request,Retry failed API requests,Flow of retrying API requests / Specify the retry key always / Retry API requests by status code / Related pages,4,https://developers.line.biz/en/docs/messaging-api/retrying-api-request/
messaging-api,messaging-api/rich-menus-overview,Rich menus overview,What is rich menu / Rich menu structure / Tools for setting rich menus / Set rich menus with LINE Official Account Manager / Set rich menus with the Messaging API / Scope of rich menus / Display priority of rich menus / When rich menu setting changes take effect / When users who are not friends with your LINE Official Account open the chat screen / Rich menu insights / Rich menu API reference,11,https://developers.line.biz/en/docs/messaging-api/rich-menus-overview/
messaging-api,messaging-api/secure-message-sample,Sample code and data for generating secure messages,Sample data / Timestamp is zero / Timestamp is one / Timestamp is 65535 / Timestamp is 65536 / Timestamp is 9223372036854775807 / Timestamp is 18446744073709551615 / Sample code,8,https://developers.line.biz/en/docs/messaging-api/secure-message-sample/
messaging-api,messaging-api/send-coupons-to-users,Create coupons and send them to users,Steps to send coupons using the Messaging API / Create a coupon / You can't edit coupons you have created / Send a coupon / Discontinue a coupon / Check the list of created coupons / Get details of a coupon / Check the number of views and uses of sent coupons / Coupon image display size,9,https://developers.line.biz/en/docs/messaging-api/send-coupons-to-users/
messaging-api,messaging-api/sending-messages,Send messages,Messaging types / Reply to messages and actions from users (reply messages) / Send messages at any time / Send narrowcast messages / Prepare audience or request ID / Begin sending narrowcast messages / Example request to send a narrowcast message / Check the status of a narrowcast message / Send quote messages,9,https://developers.line.biz/en/docs/messaging-api/sending-messages/
messaging-api,messaging-api/sharing-bot,Gain friends of your LINE Official Account,Use QR code / Share the LINE ID of your LINE Official Account / Use the Add Friend button or link / Add Friend button by LINE Social Plugins / Add friend button by LINE Official Account Manager / LINE URL scheme for profile page / Encourage users to recommend your LINE Official Account to friends on LINE / Prompt users to add your LINE Official Account as a friend at LINE Login / Learn more,9,https://developers.line.biz/en/docs/messaging-api/sharing-bot/
messaging-api,messaging-api/ssl-tls-spec-of-the-webhook-source,SSL/TLS specification of the webhook source,Supported cipher suites / Supported SSL/TLS protocol versions / Supported HTTP versions,3,https://developers.line.biz/en/docs/messaging-api/ssl-tls-spec-of-the-webhook-source/
messaging-api,messaging-api/sticker-list,Stickers,Send a sticker / Sticker definitions,2,https://developers.line.biz/en/docs/messaging-api/sticker-list/
messaging-api,messaging-api/stop-using-line-official-account,Stop using your LINE Official Account,,0,https://developers.line.biz/en/docs/messaging-api/stop-using-line-official-account/
messaging-api,messaging-api/stop-using-messaging-api,Stop using the Messaging API,Stop using webhooks / Revoke channel access tokens / Display after stopping use of the Messaging API,3,https://developers.line.biz/en/docs/messaging-api/stop-using-messaging-api/
messaging-api,messaging-api/switch-rich-menus,Switch between tabs on rich menus,1. Prepare rich menu images / 2. Create rich menu A / 3. Upload rich menu A image / 4. Create rich menu B / 5. Upload rich menu B image / 6. Set rich menu A as default / 7. Create rich menu alias A / 8. Create rich menu alias B / 9. Stop displaying rich menu / When the intended rich menu isn't displayed / You'll still see the rich menu after you clear the default / You set a new default rich menu but you see a different rich menu,12,https://developers.line.biz/en/docs/messaging-api/switch-rich-menus/
messaging-api,messaging-api/technicalcase/boldly,A LINE MINI App case study of an on-demand autonomous bus reservation system,The service provider’s thoughts on developing the system / Image / System overview / Optimizing operations by migrating to AWS / Running costs of cloud infrastructure / Exploring a boarding authentication system using facial recognition with data registered through LINE / A message for those developing new services / Related links,8,https://developers.line.biz/en/docs/messaging-api/technicalcase/boldly/
messaging-api,messaging-api/technicalcase/evolany-ai,Technical case study of anybot for ChatGPT: achieving smoother communication by fully leveraging ChatGPT,Development background of anybot for ChatGPT / Image / System overview / Customer support system using AWS and ChatGPT / Improving infrastructure operation efficiency and enhancing security with AWS / Future outlook / Requests for the LINE API / A message for those developing new services / Related links,9,https://developers.line.biz/en/docs/messaging-api/technicalcase/evolany-ai/
messaging-api,messaging-api/technicalcase/heptagon,A case study of developing a LINE bot to handle inquiries related to relocation and settlement,The service provider’s thoughts on developing the system / Image / System overview / Achieving minimal development hours and operating costs with AWS / Ongoing cloud infrastructure and operational costs / Operational tools supporting the infrastructure / Solving local challenges with the LINE API / A message for those developing new services / Related links,9,https://developers.line.biz/en/docs/messaging-api/technicalcase/heptagon/
messaging-api,messaging-api/technicalcase/playnext-lab,Technical case study of Smart Public Lab: LINE utilization strategy supporting administrative digital transformation,Service overview and the challenges we want to solve / Image / System Overview / Improving administrative services using acquired data / Background to selecting AWS for system construction / Future outlook for municipal digital service counters / Requests for LINE API development / A message for those developing new services / Related links,9,https://developers.line.biz/en/docs/messaging-api/technicalcase/playnext-lab/
messaging-api,messaging-api/technicalcase/resortbaito-dive,"A case study on the development of \""Resort Baito Dive\"" to enhance temporary staff satisfaction",Service overview and issues to address / Image / System Overview / Technologies that support Resort Baito Dive and their impacts / Future outlook for Resort Baito Dive / Requests for the LINE API / A message for those developing new services / Related Links,8,https://developers.line.biz/en/docs/messaging-api/technicalcase/resortbaito-dive/
messaging-api,messaging-api/technicalcase/skillbox,"SkillBox technical case study: LINE notifications greatly increased usage rate of engagement surveys, even for employees without email addresses","SkillBox, a praise-based mentor system / Image / System overview / Technical architecture of AWS-based projects / Building response habits and contributing to lower turnover / Future prospects for SkillBox feature improvements / Requests for the LINE API / A message for those developing new services / Related Links",9,https://developers.line.biz/en/docs/messaging-api/technicalcase/skillbox/
messaging-api,messaging-api/technicalcase/softbank,Introducing infrastructure as low code for LINE-based service development case study on improving development efficiency with CNAP,"What is CNAP and how does it shorten application development period? / Image / System overview / Automated deployment to Azure environments using CNAP / Performance and cost optimization using Azure Kubernetes Service / Components of CNAP, including AKS / Future goals / A message for those developing new services / Related links",9,https://developers.line.biz/en/docs/messaging-api/technicalcase/softbank/
messaging-api,messaging-api/text-character-count,Character counting in a text,,0,https://developers.line.biz/en/docs/messaging-api/text-character-count/
messaging-api,messaging-api/try-rich-menu,Play with rich menus,Add Rich Menu Playground / Common features of Rich Menu Playground / Rich menu layout / Action detail / Actions available on Rich Menu Playground / Test message action / Test postback action (1) / Test postback action (2) / Test postback action (3) / Test URI Action / Test datetime picker action / Test rich menu switch action,12,https://developers.line.biz/en/docs/messaging-api/try-rich-menu/
messaging-api,messaging-api/unit-based-statistics-aggregation,Get statistics of sent messages,What are message statistics / Notes on aggregated statistics / Assign a unit name / Maximum number of unit name types / Get statistics per unit / Example of getting statistics of a message containing a URL / 1. Send a message by assigning a unit name / 2. Get and aggregate statistics / Get statistics on narrowcast messages or broadcast messages,9,https://developers.line.biz/en/docs/messaging-api/unit-based-statistics-aggregation/
messaging-api,messaging-api/use-loading-indicator,Display a loading animation,Display a loading animation / Example request,2,https://developers.line.biz/en/docs/messaging-api/use-loading-indicator/
messaging-api,messaging-api/use-membership-features,Use membership features,Endpoint for getting membership information / Get a user's membership subscription status / Get a list of users who have joined the membership / Get membership plans being offered / Webhook membership event,5,https://developers.line.biz/en/docs/messaging-api/use-membership-features/
messaging-api,messaging-api/use-per-user-rich-menus,Use per-user rich menus,What is per-user rich menu / Set a per-user rich menu / 1. Create a rich menu and attach an image / 2. Prepare a user ID / 3. Link the rich menu to the user / 4. Unlink the rich menu from the user / Allow users to switch between rich menus,7,https://developers.line.biz/en/docs/messaging-api/use-per-user-rich-menus/
messaging-api,messaging-api/user-consent,Consent on getting user profile information,Users of LINE for iOS and LINE for Android / Users who aren't using LINE for iOS or LINE for Android,2,https://developers.line.biz/en/docs/messaging-api/user-consent/
messaging-api,messaging-api/using-audience,Use audiences,Create an audience / Use audiences / Share audiences / Share your audience in Business Manager / Audience specification,5,https://developers.line.biz/en/docs/messaging-api/using-audience/
messaging-api,messaging-api/using-beacons,Use beacons with LINE,Prepare beacon devices / Link beacon to LINE Official Account / Receive a webhook event / Beacon banner,4,https://developers.line.biz/en/docs/messaging-api/using-beacons/
messaging-api,messaging-api/using-bot-designer,LINE Bot Designer,Download LINE Bot Designer / Recommended environment,2,https://developers.line.biz/en/docs/messaging-api/using-bot-designer/
messaging-api,messaging-api/using-flex-message-simulator,Tutorial - Create a digital business card with Flex Message Simulator,Goal / Before you start / Learn about Flex Message Simulator / Tutorial shortcut / 1. Select container type / 2. Add a header / 3. Add an image / 4. Add a name / 5. Add a job title / 6. Add a separator / 7. Add buttons / 7-1. Add a button to jump to the company's website / 7-2. Add a button to open a registration form made with LIFF / 7-3. Distribute the buttons / Next steps / Conclusion / Related pages,18,https://developers.line.biz/en/docs/messaging-api/using-flex-message-simulator/
messaging-api,messaging-api/using-flex-messages,Send Flex Messages,"Operating environment / Flex Message Simulator / Send ""Hello, World!"" / Define a Flex Message in JSON / Call the Messaging API to send a Flex Message / Related pages",6,https://developers.line.biz/en/docs/messaging-api/using-flex-messages/
messaging-api,messaging-api/using-line-url-scheme,Use LINE features with the LINE URL scheme,Supported LINE URL schemes / What happens when a LINE URL scheme is clicked / Supported platforms / Available LINE URL schemes / Opening the camera and camera roll / Sending location information / Sharing a LINE Official Account / Opening the LINE Official Account's LINE VOOM and business profile / Opening a chat screen with a LINE Official Account / Sending text messages / Opening profile information / Opening common LINE screens / Opening LINE settings / Opening Sticker Shop / Opening Theme Shop / Opening a LIFF app / Opening a URL in an external browser,17,https://developers.line.biz/en/docs/messaging-api/using-line-url-scheme/
messaging-api,messaging-api/using-quick-reply,Use quick replies,Quick reply components / Action / Icon / Label / Set quick reply buttons / Quick reply buttons disappear / Related pages,7,https://developers.line.biz/en/docs/messaging-api/using-quick-reply/
messaging-api,messaging-api/using-rich-menus,Use rich menus,Set default rich menu / 1. Prepare a rich menu image / 2. Create a rich menu / 3. Upload and attach the rich menu image / 4. Set the default rich menu / About per-user rich menu,6,https://developers.line.biz/en/docs/messaging-api/using-rich-menus/
messaging-api,messaging-api/verify-webhook-signature,Verify webhook signature,Preparations required for signature verification / Get Channel Secret / How signature verification works / The LINE Platform sends a webhook to the bot server / The bot server receives the webhook / The webhook signature is verified on the bot server / Signature verification procedure / Common signature verification failures and their solutions / Webhook changed before reaching the bot server / Parsing and deserializing webhooks / Incorrect formatting of the webhook request body string (JSON) / An algorithm other than HMAC-SHA256 was used to verify the signature / Used a channel secret for a d,16,https://developers.line.biz/en/docs/messaging-api/verify-webhook-signature/
messaging-api,messaging-api/verify-webhook-url,Verify webhook URL,"Verification method 1: Verify with the endpoint for webhook URL validation / Verification method 2: Use the webhook URL's ""Verify"" button in the LINE Developers Console / Investigate the cause of webhook reception failure",3,https://developers.line.biz/en/docs/messaging-api/verify-webhook-url/
messaging-api,messaging-api,Messaging API,API reference / Development guidelines / Quickstart / Guides / Webhooks / Rich menus / LINE Bot Designer / Flex Message / Concepts / Reference / Resources / Case studies,12,https://developers.line.biz/en/docs/messaging-api/
partner-docs,partner-docs/api-policy-handbook,LINE API Policy Handbook,,0,https://developers.line.biz/en/docs/partner-docs/api-policy-handbook/
partner-docs,partner-docs/development-guidelines,Development guidelines for corporate customers,About LINE bot / What is LINE Developers? / How LINE bot works / About the relationship between LINE bots and channels / Understanding various terms / LINE bot development procedure / Items to check before releasing the LINE bot / Notes on receiving webhook events on bot servers / Secure communication and bot server environment / Verification of received webhook events / Support for mass and intensive webhook event delivery / Webhook ON/OFF setting / Webhook ON/OFF and auto reply message settings / Processing flow when receiving a webhook request / If a problem occurs when sending a webhook re,42,https://developers.line.biz/en/docs/partner-docs/development-guidelines/
partner-docs,partner-docs/error-notification,Error notification,"Summary / Notification email / Email recipients / Email types / Notification email sample / Email content / How to resolve a notification message / ""Webhook errors"" tab in the LINE Developers Console",8,https://developers.line.biz/en/docs/partner-docs/error-notification/
partner-docs,partner-docs/line-beacon,LINE Beacon,About user settings / About LINE Beacon reception conditions / LINE Beacon reception conditions (iOS) / LINE Beacon reception conditions (Android) / Beacon banner display conditions,5,https://developers.line.biz/en/docs/partner-docs/line-beacon/
partner-docs,partner-docs/line-notification-messages/flow-when-receiving-message,Flow when receiving a LINE notification message,"User flow when receiving LINE notification messages / Flow for the case where a user has already agreed to receive LINE notification messages and doesn't need SMS authentication / Flow for the case where the LINE notification message reception settings are ""not set"" and SMS authentication isn't needed / Flow for the case where the LINE notification message reception settings are ""not set"" and SMS authentication is needed / Flow for the case where a user has already agreed to receive LINE notification messages and SMS authentication is needed / Note: Flow for changing the phone number registere",6,https://developers.line.biz/en/docs/partner-docs/line-notification-messages/flow-when-receiving-message/
partner-docs,partner-docs/line-notification-messages/message-sending-complete-webhook-event,Webhook delivery completion event,Overview of webhook delivery completion events / Webhook delivery completion event specifications / Additional information on Webhook delivery completion events / The user has blocked the LINE Official Account / The user didn't give required consent or authentication,5,https://developers.line.biz/en/docs/partner-docs/line-notification-messages/message-sending-complete-webhook-event/
partner-docs,partner-docs/line-notification-messages/overview,LINE notification messages overview,Overview / Difference in appearance from other messages / Related pages,3,https://developers.line.biz/en/docs/partner-docs/line-notification-messages/overview/
partner-docs,partner-docs/line-notification-messages/technical-specs,Technical specifications of the LINE notification messages API,"Send LINE notification messages to users / Message types that can be sent in LINE notification messages / Phone number hashing / Get message delivery notifications / Get the number of sent LINE notification messages / Conditions for sending LINE notification messages / Additional information about LINE notification messages and API / About the ""LINE notification message received"" message / LINE notification message reception settings / Messages sent when you haven't consented to get LINE notification messages / About LINE notification messages API requests for users who have blocked the LINE O",15,https://developers.line.biz/en/docs/partner-docs/line-notification-messages/technical-specs/
partner-docs,partner-docs/line-notification-messages/template,LINE notification messages (template),What are LINE notification messages (template) / Templates / Items / Buttons,4,https://developers.line.biz/en/docs/partner-docs/line-notification-messages/template/
partner-docs,partner-docs/line-profile-plus,LINE Profile+,Differences between profile information and LINE Profile+ / Get user data registered with LINE Profile+ / Via LIFF App or LINE MINI App / Via LINE Login / LINE Profile+ scopes / LINE Profile+ information included in ID token,6,https://developers.line.biz/en/docs/partner-docs/line-profile-plus/
partner-docs,partner-docs/mark-as-read,Mark as read API (old),Overview / Disabling the automatic read setting function / Using with the chat function / Retrying a failed Mark as read API (old) request / Reference,5,https://developers.line.biz/en/docs/partner-docs/mark-as-read/
partner-docs,partner-docs/mission-stickers,Mission Sticker API,Overview / API reference / When users cannot download a mission sticker,3,https://developers.line.biz/en/docs/partner-docs/mission-stickers/
partner-docs,partner-docs/module-technical-attach-channel,Attach Module Channel,Attach module channels using the OAuth 2.0 authorization mechanism / Flow for attaching the module / 1. Request authorization from the LINE Official Account admin / 2. About the linkage screen / 3. Receive the authorization code or error response / 4. Attach by operation of the module channel provider,6,https://developers.line.biz/en/docs/partner-docs/module-technical-attach-channel/
partner-docs,partner-docs/module-technical-chat-control,Control chat initiative (Chat Control),What is chat control (Chat Control)? / API reference / Default active / Auto active / Exclusive control,5,https://developers.line.biz/en/docs/partner-docs/module-technical-chat-control/
partner-docs,partner-docs/module-technical-console,Configure module channel settings,1. module tab / 2. Webhook settings / Webhook URL / Using webhook / Resend webhook / Error stats / 3. Redirect settings / Redirect URL,8,https://developers.line.biz/en/docs/partner-docs/module-technical-console/
partner-docs,partner-docs/module-technical-using-messaging-api,Using the Messaging API from a module channel,Using the Messaging API with the channel access token of a module channel / User ID used in a module channel / Channel access token of a module channel / Calling a Messaging API endpoint / Rate limits for using the Messaging API / Get statistics of sent messages from a module channel / Receiving a webhook / `mode` property / `destination` property / Receiving module channel-specific webhook events / Getting the LINE Official Account information from a module channel / Get LINE Official Account (bot) information / Get a list of bots to which the module is attached / Notes,14,https://developers.line.biz/en/docs/partner-docs/module-technical-using-messaging-api/
partner-docs,partner-docs/module,Module,Overview / Relationship between module channel and LINE Official Account / Module usage example / Reference / Prepare the necessary systems and mechanisms / Mechanisms for using the functions provided by the module / Mechanism for using the Messaging API from a module channel / Mechanism of management screen and operation console required for users to use extended functions / Mechanism for payment and management of module usage fees / Support mechanism for users / Note / Messaging API calls from Messaging API channel (combined) / Max number of module channels that can be linked / Types of Mess,15,https://developers.line.biz/en/docs/partner-docs/module/
partner-docs,partner-docs/notice,Notice for corporate customers,"We'll stop accepting new applications for the Mark as read API (old) at the end of October 2026 / Changes to some error responses in the Mission Sticker API / The subject and body of the emails sent for error notifications have changed / LINE notification messages are now displayed as “Important notification” / We've changed the endpoint name of the Mission Sticker API / LINE notification messages (template) now available / Source property in the webhook event of LINE notification messages has been removed / Add Quick-fill docs / As of January 28, 2025, source property in the webhook event of ",36,https://developers.line.biz/en/docs/partner-docs/notice/
partner-docs,partner-docs/overview,Overview,,0,https://developers.line.biz/en/docs/partner-docs/overview/
partner-docs,partner-docs/provider-page,Provider page,Overview / Provider page settings / Set the order in which services are displayed on the provider page / Provider page URL / Sharing the your provider page URL with users / Cautions on the common use of user IDs / Terms and conditions of use,7,https://developers.line.biz/en/docs/partner-docs/provider-page/
partner-docs,partner-docs,Options for corporate customers,API reference / Development guidelines / Notice / Options for corporate customers / LINE notification messages / Module,6,https://developers.line.biz/en/docs/partner-docs/
