name,kind,category,before_init,introduced_in,introduced_on,syntax,returns,description,doc_url
liff.id,property,LIFF SDK properties,false,2.3.0,2020-06-29,,,"The property that holds the LIFF app ID (`String` type) passed to [`liff.init()`](https://developers.line.biz/en/reference/liff/#initialize-liff-app). The value of `liff.id` is `null` until you run `liff.init()`. _Example_ const liffId = ""my-liff-id"";",https://developers.line.biz/en/reference/liff/#liffid
liff.ready,property,LIFF SDK properties,true,2.3.0,2020-06-29,,,"A property holding the `Promise` object that resolves when you run [`liff.init()`](https://developers.line.biz/en/reference/liff/#initialize-liff-app) for the first time after starting the LIFF app. If you use `liff.ready`, you can execute any process after the completion of `liff.init()`. **This property can be used before the LIFF app is initialized** You can use `liff.ready` even before the ini",https://developers.line.biz/en/reference/liff/#liffready
liff.init(),method,Initialization,false,2.3.0,2020-06-29,"liff.init(config, successCallback, errorCallback);",Returns a `Promise` object.,"Initializes a LIFF app. You can only call other LIFF SDK methods after executing the `liff.init()` method. LIFF apps must be initialized each time a page is opened. Even if the transition is within the same LIFF app, you should execute the `liff.init()` method when you open a new page. If you use LIFF features without properly initializing the LIFF app, we don't guarantee that the features will wo",https://developers.line.biz/en/reference/liff/#liffinit
liff.getOS(),method,Getting environment,true,2.22.0,,liff.getOS();,"The environment in which the user is running the LIFF app is returned as a string. Since the return value is based on the name of the OS in the user agent string, the return value is independent of the browser type ([LIFF browser](https://developers.line.biz/en/glossary/#liff-browser), [LINE's in-app browser](https://developers.line.biz/en/glossary/#line-iab), [external browser](https://developers.line.biz/en/glossary/#external-browser)).",Gets the environment in which the user is running the LIFF app. **This method can be used before the LIFF app is initialized** You can use this method even before the initialization of the LIFF app by `liff.init()` has finished.,https://developers.line.biz/en/reference/liff/#liffgetos
liff.getAppLanguage(),method,Getting environment,true,2.24.0,,liff.getAppLanguage();,The language setting of the LINE app running the LIFF app is returned as a string that follows [RFC 5646](https://datatracker.ietf.org/doc/html/rfc5646).,Gets the language setting of the LINE app running the LIFF app. **This method can be used before the LIFF app is initialized** You can use this method even before the initialization of the LIFF app by `liff.init()` has finished.,https://developers.line.biz/en/reference/liff/#liffgetapplanguage
liff.getLanguage(),method,Getting environment,true,2.22.0,,liff.getLanguage();,String containing language settings specified in `navigator.language` in the LIFF app's running environment.,"**The liff.getLanguage() method is deprecated** The `liff.getLanguage()` method is deprecated. To get the language setting of the environment in which the LIFF app is running, use the [`liff.getAppLanguage()`](https://developers.line.biz/en/reference/liff/#get-app-language) method. For more information, see the news from [July 23, 2024](https://developers.line.biz/en/news/2024/07/23/release-liff-2",https://developers.line.biz/en/reference/liff/#liffgetlanguage
liff.getVersion(),method,Getting environment,true,2.22.0,,liff.getVersion();,The version of the LIFF SDK is returned as a string.,Gets the version of the LIFF SDK. **This method can be used before the LIFF app is initialized** You can use this method even before the initialization of the LIFF app by `liff.init()` has finished.,https://developers.line.biz/en/reference/liff/#liffgetversion
liff.getLineVersion(),method,Getting environment,true,2.3.0,2020-06-29,liff.getLineVersion();,"If a user opens the LIFF app using a LIFF browser, the LINE version of the user is returned as a string. If a user opens the LIFF app using an external browser, `null` is returned.",Gets the user's LINE version. **This method can be used before the LIFF app is initialized** You can use this method even before the initialization of the LIFF app by `liff.init()` has finished.,https://developers.line.biz/en/reference/liff/#liffgetlineversion
liff.getContext(),method,Getting environment,false,2.4.1,2020-09-24,liff.getContext();,A data object that contains the information necessary to make various API calls.,"Gets the screen type (1-on-1 chat, group chat, multi-person chat, or external browser) from which the LIFF app is launched. **We've discontinued providing company internal identifiers of chat rooms to LIFF apps** We've discontinued providing company internal identifiers of chat rooms (one-on-one chat ID, group ID, and room ID) to LIFF apps. For more information, see the news from February 6, 2023,",https://developers.line.biz/en/reference/liff/#liffgetcontext
liff.isInClient(),method,Getting environment,true,,,liff.isInClient();,- `true`: Running in [LIFF browser](https://developers.line.biz/en/glossary/#liff-browser),Determines whether the LIFF app is running in a LIFF browser. **This method can be used before the LIFF app is initialized** You can use this method even before the initialization of the LIFF app by `liff.init()` has finished.,https://developers.line.biz/en/reference/liff/#liffisinclient
liff.isLoggedIn(),method,Getting environment,false,,,liff.isLoggedIn();,- `true`: The user is logged in.,"Checks whether the user is logged in. _Example_ if (liff.isLoggedIn()) { // The user can use an API that requires an access token, such as liff.getProfile().",https://developers.line.biz/en/reference/liff/#liffisloggedin
liff.isApiAvailable(),method,Getting environment,false,2.3.0,2020-06-29,liff.isApiAvailable(apiName);,"Returns whether the specified API or feature is available in the current environment. If available, `true` is returned. If not, `false` is returned. Examples of `false` returned are as follows:","Checks whether the specified API or feature is available in the environment where you started the LIFF app. Specifically, it verifies whether the current LINE version supports the API and whether the terms and conditions for the API have been accepted. _Example_ // Check if shareTargetPicker is available if (liff.isApiAvailable('shareTargetPicker')) {",https://developers.line.biz/en/reference/liff/#liffisapiavailable
liff.login(),method,Authentication,false,2.15.0,2021-09-30,liff.login(loginConfig);,None,"Performs the login process in the [LINE's in-app browser](https://developers.line.biz/en/glossary/#line-iab) or [external browser](https://developers.line.biz/en/glossary/#external-browser). **Note** You can't use `liff.login()` in a LIFF browser, as it is automatically executed when `liff.init()` is executed. **Authorization requests within LIFF browser**",https://developers.line.biz/en/reference/liff/#lifflogin
liff.logout(),method,Authentication,false,,,liff.logout();,None,Logs out. _Example_ if (liff.isLoggedIn()) { liff.logout();,https://developers.line.biz/en/reference/liff/#lifflogout
liff.getAccessToken(),method,Authentication,false,2.3.0,2020-06-29,liff.getAccessToken();,Returns the current user's access token as a string.,"Gets the current user's access token. You can use the access token obtained with this API to send user data from the LIFF app to the server. For more information, see [Using user data in LIFF apps and servers](https://developers.line.biz/en/docs/liff/using-user-profile/) in the LIFF documentation.",https://developers.line.biz/en/reference/liff/#liffgetaccesstoken
liff.getIDToken(),method,Authentication,false,,,liff.getIDToken();,Returns an ID token.,"Get the ID token of the current user obtained by the LIFF SDK. An ID token is a JSON Web Token (JWT) that contains user data. The ID token is valid for one hour after it is issued. You can use the ID token obtained with this API when sending the user data from the LIFF app to the server. For more information, see [Using user data in LIFF apps and servers](https://developers.line.biz/en/docs/liff/u",https://developers.line.biz/en/reference/liff/#liffgetidtoken
liff.getDecodedIDToken(),method,Authentication,false,2.7.0,2021-01-14,liff.getDecodedIDToken();,Gets the ID token payload.,"Gets the payload of the ID token that's acquired by the LIFF SDK. The payload includes information such as user display name, profile image URL, email address, etc. Use this method when you want to use the display name of the user in the LIFF app. You can only get the main profile information. You can't get the user's [subprofile](https://developers.line.biz/en/glossary/#subprofile). **Don't send",https://developers.line.biz/en/reference/liff/#liffgetdecodedidtoken
liff.permission.getGrantedAll(),method,Authentication,false,2.27.0,,liff.permission.getGrantedAll();,"When the `Promise` is resolved, an array of scopes for which the user has agreed to grant permission is passed.",Gets a list of scopes for which the user has agreed to grant permission. The scopes that you can get with this method are as follows: - [`profile`](https://developers.line.biz/en/docs/liff/registering-liff-apps/#registering-liff-app) - [`chat_message.write`](https://developers.line.biz/en/docs/liff/registering-liff-apps/#registering-liff-app),https://developers.line.biz/en/reference/liff/#liffpermissiongetgrantedall
liff.permission.query(),method,Authentication,false,,,liff.permission.query(permission);,`Promise` object returned.,"Verifies whether the user agrees to grant the specified permission. _Example_ liff.permission.query(""profile"").then((permissionStatus) => { // permissionStatus = { state: 'granted' }",https://developers.line.biz/en/reference/liff/#liffpermissionquery
liff.permission.requestAll(),method,Authentication,false,2.22.4,,liff.permission.requestAll(params);,Returns a `Promise` object.,"Displays the ""Verification screen"" for the permissions requested by LINE MINI Apps. **Operating environment of liff.permission.requestAll()** `liff.permission.requestAll()` only operates on [LINE MINI Apps](https://developers.line.biz/en/docs/line-mini-app/). To execute this method, you need to turn on **Channel consent simplification** in advance on the [LINE Developers Console](https://developer",https://developers.line.biz/en/reference/liff/#liffpermissionrequestall
liff.getProfile(),method,Profile,false,2.3.0,2020-06-29,liff.getProfile();,Returns a `Promise` object.,"Gets the current user's [profile information](https://developers.line.biz/en/glossary/#profile-information). You can only get the main profile information. You can't get the user's [subprofile](https://developers.line.biz/en/glossary/#subprofile). **Don't send user info to server** Don't send the user data obtained by this method to the server. For more information, see [Using user data in LIFF ap",https://developers.line.biz/en/reference/liff/#liffgetprofile
liff.getFriendship(),method,Profile,false,2.3.0,2020-06-29,liff.getFriendship(params);,Returns a `Promise` object.,"Gets the friendship status between a user and a LINE Official Account. However, you can only get the friendship status between a user and a LINE Official Account that has been linked to the same LINE Login channel to which your LIFF app has been added. To learn how to link a LINE Official Account to a LINE Login channel, see [Add a LINE Official Account as a friend when logged in (add friend optio",https://developers.line.biz/en/reference/liff/#liffgetfriendship
liff.requestFriendship(),method,Profile,false,2.28.0,2026-03-24,liff.requestFriendship(params);,Returns a `Promise` object.,"Displays a subwindow that prompts the user to add the LINE Official Account as a friend, or to unblock it. - If the user has not added the LINE Official Account as a friend, a subwindow that prompts the user to add it as a friend is displayed. - If the user has blocked the LINE Official Account, a subwindow that prompts the user to unblock it is displayed. - If the user is already friends with the",https://developers.line.biz/en/reference/liff/#liffrequestfriendship
liff.openWindow(),method,Window,false,2.17.0,2021-11-11,liff.openWindow(params);,None,Opens the specified URL in the LINE's in-app browser or external browser. **Operating environment of liff.openWindow()** Use of `liff.openWindow()` in an external browser isn't guaranteed. _Example_,https://developers.line.biz/en/reference/liff/#liffopenwindow
liff.closeWindow(),method,Window,true,2.4.0,2020-08-31,liff.closeWindow();,None,"Closes the LIFF app. The behavior when closing the LIFF app depends on the LINE app version and the settings of the LIFF app. For more information, see [Behavior when closing the LIFF app](https://developers.line.biz/en/docs/liff/developing-liff-apps/#behavior-when-closing-liff-app) in the LIFF documentation. **This method can be used before the LIFF app is initialized** To use the `liff.closeWind",https://developers.line.biz/en/reference/liff/#liffclosewindow
liff.sendMessages(),method,Message,false,2.3.0,2020-06-29,liff.sendMessages(messages);,Returns a `Promise` object.,"Sends messages on behalf of the user to the chat room where the LIFF app is opened. To use this feature, the following conditions must be met: - Within the LIFF browser for a LIFF app launched from a one-on-one chat, [group chat](https://developers.line.biz/en/glossary/#group), or [multi-person chat](https://developers.line.biz/en/glossary/#room) - The [`chat_message.write` scope](https://develope",https://developers.line.biz/en/reference/liff/#liffsendmessages
liff.shareTargetPicker(),method,Message,false,2.3.0,2020-06-29,"liff.shareTargetPicker(messages, options);",Returns a `Promise` object.,"Displays the target picker (a screen for selecting a recipient) and sends a message created by the developer to the selected target. The message appears to each selected recipient as if it were sent by the user. In the target picker, users can select recipients from groups, friends, and chats. OpenChat isn't included. For more information about selectable recipients, see [Recipients that can be se",https://developers.line.biz/en/reference/liff/#liffsharetargetpicker
liff.scanCodeV2(),method,Camera,false,2.15.0,2021-09-30,liff.scanCodeV2();,Returns a `Promise` object.,"Launch the 2D code reader and obtain string. To activate the 2D code reader, turn on **Scan QR** on the [LINE Developers Console](https://developers.line.biz/console/). **Operating environments of liff.scanCodeV2()** `liff.scanCodeV2()` works in these environments. - iOS: iOS 14.3 or later",https://developers.line.biz/en/reference/liff/#liffscancodev2
liff.scanCode(),method,Camera,false,2.3.0,2020-06-29,liff.scanCode();,Returns a `Promise` object.,"**liff.scanCode() method deprecated** The traditional `liff.scanCode()` method has been [deprecated](https://developers.line.biz/en/glossary/#deprecated). We recommend using the [`liff.scanCodeV2()`](https://developers.line.biz/en/reference/liff/#scan-code-v2) method for implementing a 2D code reader. <br> Starts a 2D code reader and gets the string read by the user. To start the 2D code reader, t",https://developers.line.biz/en/reference/liff/#liffscancode
liff.permanentLink.createUrlBy(),method,Permanent link,false,2.18.0,,liff.permanentLink.createUrlBy(url);,Returns a `Promise` object.,Get the permanent link of any page in the LIFF app. Permanent link format: https://liff.line.me/{liffId}/{path}?{query}#{URL fragment} _Example_,https://developers.line.biz/en/reference/liff/#liffpermanentlinkcreateurlby
liff.permanentLink.createUrl(),method,Permanent link,false,2.3.0,2020-06-29,liff.permanentLink.createUrl();,Returns the current page's permanent link as a string.,"**liff.permanentLink.createUrl() may be deprecated in the next major version update** Due to technical issues, `liff.permanentLink.createUrl()` may be deprecated in the next major version update. To get the permanent link of the current page, we recommend using [`liff.permanentLink.createUrlBy()`](https://developers.line.biz/en/reference/liff/#permanent-link-create-url-by). Gets the permanent link",https://developers.line.biz/en/reference/liff/#liffpermanentlinkcreateurl
liff.permanentLink.setExtraQueryParam(),method,Permanent link,false,2.18.0,,liff.permanentLink.setExtraQueryParam(extraString);,None,"**liff.permanentLink.setExtraQueryParam() may be deprecated in the next major version update** Due to technical issues, `liff.permanentLink.setExtraQueryParam()` may be deprecated in the next major version update. To add any query parameter to a permanent link on the current page, we recommend using [`liff.permanentLink.createUrlBy()`](https://developers.line.biz/en/reference/liff/#permanent-link-",https://developers.line.biz/en/reference/liff/#liffpermanentlinksetextraqueryparam
liff.use(),method,LIFF plugin,false,2.22.0,,"liff.use(module, option);",Returns the `liff` object.,"Activates and initializes LIFF API in the [pluggable SDK](https://developers.line.biz/en/docs/liff/pluggable-sdk/) or a [LIFF plugin](https://developers.line.biz/en/docs/liff/liff-plugin/). _Example of LIFF API in the pluggable SDK_ import liff from ""@line/liff/core""; import GetOS from ""@line/liff/get-os"";",https://developers.line.biz/en/reference/liff/#liffuse
liff.i18n.setLang(),method,Internationalization,false,2.21.0,,liff.i18n.setLang(language);,Returns a `Promise` object.,"Specify the language of the text displayed by the LIFF SDK. _Example_ liff.i18n.setLang(""en"");",https://developers.line.biz/en/reference/liff/#liffi18nsetlang
liff.createShortcutOnHomeScreen(),method,Others,false,,,liff.createShortcutOnHomeScreen(params);,Returns a `Promise` object.,"**This feature can only be used for verified MINI Apps** This feature is only available for verified MINI Apps. For unverified MINI Apps, you can test the feature on the internal channel for Developing, but you can't use the feature on the internal channel for Published. Displays a screen for adding a shortcut to your [LINE MINI App](https://developers.line.biz/en/docs/line-mini-app/) to the home",https://developers.line.biz/en/reference/liff/#liffcreateshortcutonhomescreen
