operation_id,method,host,path,status,schema,property,value_type,required,enum,max_length,description,source,doc_url
issueStatelessChannelToken,POST,https://api.line.me,/oauth2/v3/token,200,IssueStatelessChannelAccessTokenResponse,access_token,string,true,,,A stateless channel access token. The token is an opaque string which means its format is an implementation detail and the consumer of this token should never try to use the data parsed from the token.,openapi,https://developers.line.biz/en/reference/messaging-api/#issue-stateless-channel-access-token
issueStatelessChannelToken,POST,https://api.line.me,/oauth2/v3/token,200,IssueStatelessChannelAccessTokenResponse,expires_in,integer,true,,,Duration in seconds after which the issued access token expires,openapi,https://developers.line.biz/en/reference/messaging-api/#issue-stateless-channel-access-token
issueStatelessChannelToken,POST,https://api.line.me,/oauth2/v3/token,200,IssueStatelessChannelAccessTokenResponse,token_type,string,true,,,Token type. The value is always `Bearer`.,openapi,https://developers.line.biz/en/reference/messaging-api/#issue-stateless-channel-access-token
getsAllValidChannelAccessTokenKeyIds,GET,https://api.line.me,/oauth2/v2.1/tokens/kid,200,ChannelAccessTokenKeyIdsResponse,kids,array<string>,true,,,Array of channel access token key IDs.,openapi,https://developers.line.biz/en/reference/messaging-api/#get-all-valid-channel-access-token-key-ids-v2-1
issueChannelTokenByJWT,POST,https://api.line.me,/oauth2/v2.1/token,200,IssueChannelAccessTokenResponse,access_token,string,true,,,Channel access token.,openapi,https://developers.line.biz/en/reference/messaging-api/#issue-channel-access-token-v2-1
issueChannelTokenByJWT,POST,https://api.line.me,/oauth2/v2.1/token,200,IssueChannelAccessTokenResponse,expires_in,integer,true,,,Amount of time in seconds from issue to expiration of the channel access token,openapi,https://developers.line.biz/en/reference/messaging-api/#issue-channel-access-token-v2-1
issueChannelTokenByJWT,POST,https://api.line.me,/oauth2/v2.1/token,200,IssueChannelAccessTokenResponse,token_type,string,true,,,A token type.,openapi,https://developers.line.biz/en/reference/messaging-api/#issue-channel-access-token-v2-1
issueChannelTokenByJWT,POST,https://api.line.me,/oauth2/v2.1/token,200,IssueChannelAccessTokenResponse,key_id,string,true,,,Unique key ID for identifying the channel access token.,openapi,https://developers.line.biz/en/reference/messaging-api/#issue-channel-access-token-v2-1
verifyChannelTokenByJWT,GET,https://api.line.me,/oauth2/v2.1/verify,200,VerifyChannelAccessTokenResponse,client_id,string,true,,,The channel ID for which the channel access token was issued.,openapi,https://developers.line.biz/en/reference/messaging-api/#verify-channel-access-token-v2-1
verifyChannelTokenByJWT,GET,https://api.line.me,/oauth2/v2.1/verify,200,VerifyChannelAccessTokenResponse,expires_in,integer,true,,,Number of seconds before the channel access token expires.,openapi,https://developers.line.biz/en/reference/messaging-api/#verify-channel-access-token-v2-1
verifyChannelTokenByJWT,GET,https://api.line.me,/oauth2/v2.1/verify,200,VerifyChannelAccessTokenResponse,scope,string,false,,,Permissions granted to the channel access token.,openapi,https://developers.line.biz/en/reference/messaging-api/#verify-channel-access-token-v2-1
issueChannelToken,POST,https://api.line.me,/v2/oauth/accessToken,200,IssueShortLivedChannelAccessTokenResponse,access_token,string,true,,,A short-lived channel access token. Valid for 30 days. Note: Channel access tokens cannot be refreshed.,openapi,https://developers.line.biz/en/reference/messaging-api/#issue-shortlived-channel-access-token
issueChannelToken,POST,https://api.line.me,/v2/oauth/accessToken,200,IssueShortLivedChannelAccessTokenResponse,expires_in,integer,true,,,Time until channel access token expires in seconds from time the token is issued.,openapi,https://developers.line.biz/en/reference/messaging-api/#issue-shortlived-channel-access-token
issueChannelToken,POST,https://api.line.me,/v2/oauth/accessToken,200,IssueShortLivedChannelAccessTokenResponse,token_type,string,true,,,Token type. The value is always `Bearer`.,openapi,https://developers.line.biz/en/reference/messaging-api/#issue-shortlived-channel-access-token
verifyChannelToken,POST,https://api.line.me,/v2/oauth/verify,200,VerifyChannelAccessTokenResponse,client_id,string,true,,,The channel ID for which the channel access token was issued.,openapi,https://developers.line.biz/en/reference/messaging-api/#verify-channel-access-token-v2-1
verifyChannelToken,POST,https://api.line.me,/v2/oauth/verify,200,VerifyChannelAccessTokenResponse,expires_in,integer,true,,,Number of seconds before the channel access token expires.,openapi,https://developers.line.biz/en/reference/messaging-api/#verify-channel-access-token-v2-1
verifyChannelToken,POST,https://api.line.me,/v2/oauth/verify,200,VerifyChannelAccessTokenResponse,scope,string,false,,,Permissions granted to the channel access token.,openapi,https://developers.line.biz/en/reference/messaging-api/#verify-channel-access-token-v2-1
getFriendsDemographics,GET,https://api.line.me,/v2/bot/insight/demographic,200,GetFriendsDemographicsResponse,available,boolean,false,,,true if friend demographic information is available.,openapi,https://developers.line.biz/en/reference/messaging-api/#get-demographic
getFriendsDemographics,GET,https://api.line.me,/v2/bot/insight/demographic,200,GetFriendsDemographicsResponse,genders,array<GenderTile>,false,,,Percentage per gender.,openapi,https://developers.line.biz/en/reference/messaging-api/#get-demographic
getFriendsDemographics,GET,https://api.line.me,/v2/bot/insight/demographic,200,GetFriendsDemographicsResponse,ages,array<AgeTile>,false,,,Percentage per age group.,openapi,https://developers.line.biz/en/reference/messaging-api/#get-demographic
getFriendsDemographics,GET,https://api.line.me,/v2/bot/insight/demographic,200,GetFriendsDemographicsResponse,areas,array<AreaTile>,false,,,Percentage per area.,openapi,https://developers.line.biz/en/reference/messaging-api/#get-demographic
getFriendsDemographics,GET,https://api.line.me,/v2/bot/insight/demographic,200,GetFriendsDemographicsResponse,appTypes,array<AppTypeTile>,false,,,Percentage by OS.,openapi,https://developers.line.biz/en/reference/messaging-api/#get-demographic
getFriendsDemographics,GET,https://api.line.me,/v2/bot/insight/demographic,200,GetFriendsDemographicsResponse,subscriptionPeriods,array<SubscriptionPeriodTile>,false,,,Percentage per friendship duration.,openapi,https://developers.line.biz/en/reference/messaging-api/#get-demographic
getNumberOfMessageDeliveries,GET,https://api.line.me,/v2/bot/insight/message/delivery,200,GetNumberOfMessageDeliveriesResponse,status,string,false,ready|unready|out_of_service,,Status of the counting process.,openapi,https://developers.line.biz/en/reference/messaging-api/#get-number-of-delivery-messages
getNumberOfMessageDeliveries,GET,https://api.line.me,/v2/bot/insight/message/delivery,200,GetNumberOfMessageDeliveriesResponse,broadcast,integer,false,,,Number of messages sent to all of this LINE Official Account's friends (broadcast messages).,openapi,https://developers.line.biz/en/reference/messaging-api/#get-number-of-delivery-messages
getNumberOfMessageDeliveries,GET,https://api.line.me,/v2/bot/insight/message/delivery,200,GetNumberOfMessageDeliveriesResponse,targeting,integer,false,,,"Number of messages sent to some of this LINE Official Account's friends, based on specific attributes (targeted messages).",openapi,https://developers.line.biz/en/reference/messaging-api/#get-number-of-delivery-messages
getNumberOfMessageDeliveries,GET,https://api.line.me,/v2/bot/insight/message/delivery,200,GetNumberOfMessageDeliveriesResponse,autoResponse,integer,false,,,Number of auto-response messages sent.,openapi,https://developers.line.biz/en/reference/messaging-api/#get-number-of-delivery-messages
getNumberOfMessageDeliveries,GET,https://api.line.me,/v2/bot/insight/message/delivery,200,GetNumberOfMessageDeliveriesResponse,welcomeResponse,integer,false,,,Number of greeting messages sent.,openapi,https://developers.line.biz/en/reference/messaging-api/#get-number-of-delivery-messages
getNumberOfMessageDeliveries,GET,https://api.line.me,/v2/bot/insight/message/delivery,200,GetNumberOfMessageDeliveriesResponse,chat,integer,false,,,Number of messages sent from LINE Official Account Manager [Chat screen](https://www.linebiz.com/jp/manual/OfficialAccountManager/chats/) (only available in Japanese).,openapi,https://developers.line.biz/en/reference/messaging-api/#get-number-of-delivery-messages
getNumberOfMessageDeliveries,GET,https://api.line.me,/v2/bot/insight/message/delivery,200,GetNumberOfMessageDeliveriesResponse,apiBroadcast,integer,false,,,Number of broadcast messages sent with the `Send broadcast message` Messaging API operation.,openapi,https://developers.line.biz/en/reference/messaging-api/#get-number-of-delivery-messages
getNumberOfMessageDeliveries,GET,https://api.line.me,/v2/bot/insight/message/delivery,200,GetNumberOfMessageDeliveriesResponse,apiPush,integer,false,,,Number of push messages sent with the `Send push message` Messaging API operation.,openapi,https://developers.line.biz/en/reference/messaging-api/#get-number-of-delivery-messages
getNumberOfMessageDeliveries,GET,https://api.line.me,/v2/bot/insight/message/delivery,200,GetNumberOfMessageDeliveriesResponse,apiMulticast,integer,false,,,Number of multicast messages sent with the `Send multicast message` Messaging API operation.,openapi,https://developers.line.biz/en/reference/messaging-api/#get-number-of-delivery-messages
getNumberOfMessageDeliveries,GET,https://api.line.me,/v2/bot/insight/message/delivery,200,GetNumberOfMessageDeliveriesResponse,apiNarrowcast,integer,false,,,Number of narrowcast messages sent with the `Send narrowcast message` Messaging API operation.,openapi,https://developers.line.biz/en/reference/messaging-api/#get-number-of-delivery-messages
getNumberOfMessageDeliveries,GET,https://api.line.me,/v2/bot/insight/message/delivery,200,GetNumberOfMessageDeliveriesResponse,apiReply,integer,false,,,Number of replies sent with the `Send reply message` Messaging API operation.,openapi,https://developers.line.biz/en/reference/messaging-api/#get-number-of-delivery-messages
getNumberOfFollowers,GET,https://api.line.me,/v2/bot/insight/followers,200,GetNumberOfFollowersResponse,status,string,false,ready|unready|out_of_service,,Calculation status.,openapi,https://developers.line.biz/en/reference/messaging-api/#get-number-of-followers
getNumberOfFollowers,GET,https://api.line.me,/v2/bot/insight/followers,200,GetNumberOfFollowersResponse,followers,integer,false,,,"The number of times, as of the specified date, that a user added this LINE Official Account as a friend for the first time. The number doesn't decrease even if a user later blocks the account or when they delete their LINE account.",openapi,https://developers.line.biz/en/reference/messaging-api/#get-number-of-followers
getNumberOfFollowers,GET,https://api.line.me,/v2/bot/insight/followers,200,GetNumberOfFollowersResponse,targetedReaches,integer,false,,,"The number of users, as of the specified date, that the LINE Official Account can reach through targeted messages based on gender, age, and/or region. This number only includes users who are active on LINE or LINE services and whose demographics have a high level of certainty.",openapi,https://developers.line.biz/en/reference/messaging-api/#get-number-of-followers
getNumberOfFollowers,GET,https://api.line.me,/v2/bot/insight/followers,200,GetNumberOfFollowersResponse,blocks,integer,false,,,The number of users blocking the account as of the specified date. The number decreases when a user unblocks the account.,openapi,https://developers.line.biz/en/reference/messaging-api/#get-number-of-followers
getMessageEvent,GET,https://api.line.me,/v2/bot/insight/message/event,200,GetMessageEventResponse,overview,GetMessageEventResponseOverview,false,,,,openapi,https://developers.line.biz/en/reference/messaging-api/#get-insight-message-event-response
getMessageEvent,GET,https://api.line.me,/v2/bot/insight/message/event,200,GetMessageEventResponse,messages,array<GetMessageEventResponseMessage>,false,,,Array of information about individual message bubbles.,openapi,https://developers.line.biz/en/reference/messaging-api/#get-insight-message-event-response
getMessageEvent,GET,https://api.line.me,/v2/bot/insight/message/event,200,GetMessageEventResponse,clicks,array<GetMessageEventResponseClick>,false,,,Array of information about opened URLs in the message.,openapi,https://developers.line.biz/en/reference/messaging-api/#get-insight-message-event-response
getStatisticsPerUnit,GET,https://api.line.me,/v2/bot/insight/message/event/aggregation,200,GetStatisticsPerUnitResponse,overview,GetStatisticsPerUnitResponseOverview,true,,,,openapi,https://developers.line.biz/en/reference/messaging-api/#get-statistics-per-unit-response
getStatisticsPerUnit,GET,https://api.line.me,/v2/bot/insight/message/event/aggregation,200,GetStatisticsPerUnitResponse,messages,array<GetStatisticsPerUnitResponseMessage>,true,,,Array of information about individual message bubbles.,openapi,https://developers.line.biz/en/reference/messaging-api/#get-statistics-per-unit-response
getStatisticsPerUnit,GET,https://api.line.me,/v2/bot/insight/message/event/aggregation,200,GetStatisticsPerUnitResponse,clicks,array<GetStatisticsPerUnitResponseClick>,true,,,Array of information about opened URLs in the message.,openapi,https://developers.line.biz/en/reference/messaging-api/#get-statistics-per-unit-response
getRichMenuInsightSummary,GET,https://api.line.me,/v2/bot/insight/richmenu/{richMenuId}/summary,200,GetRichMenuInsightSummaryResponse,richMenuId,string,true,,,Rich menu ID.,openapi,
getRichMenuInsightSummary,GET,https://api.line.me,/v2/bot/insight/richmenu/{richMenuId}/summary,200,GetRichMenuInsightSummaryResponse,metricsFrom,string,false,,,Start date (JST) of the period actually covered by the returned metrics. Format: yyyyMMdd (e.g. 20260213).,openapi,
getRichMenuInsightSummary,GET,https://api.line.me,/v2/bot/insight/richmenu/{richMenuId}/summary,200,GetRichMenuInsightSummaryResponse,metricsTo,string,false,,,End date (JST) of the period actually covered by the returned metrics. Format: yyyyMMdd (e.g. 20260215).,openapi,
getRichMenuInsightSummary,GET,https://api.line.me,/v2/bot/insight/richmenu/{richMenuId}/summary,200,GetRichMenuInsightSummaryResponse,impression,GetRichMenuInsightSummaryResponseImpression,false,,,,openapi,
getRichMenuInsightSummary,GET,https://api.line.me,/v2/bot/insight/richmenu/{richMenuId}/summary,200,GetRichMenuInsightSummaryResponse,clicks,array<GetRichMenuInsightSummaryResponseClick>,false,,,Click metrics for each tappable area of the rich menu.,openapi,
getRichMenuInsightDaily,GET,https://api.line.me,/v2/bot/insight/richmenu/{richMenuId}/daily,200,GetRichMenuInsightDailyResponse,richMenuId,string,true,,,Rich menu ID.,openapi,
getRichMenuInsightDaily,GET,https://api.line.me,/v2/bot/insight/richmenu/{richMenuId}/daily,200,GetRichMenuInsightDailyResponse,metricsFrom,string,false,,,Start date (JST) of the period actually covered by the returned metrics. Format: yyyyMMdd (e.g. 20260213).,openapi,
getRichMenuInsightDaily,GET,https://api.line.me,/v2/bot/insight/richmenu/{richMenuId}/daily,200,GetRichMenuInsightDailyResponse,metricsTo,string,false,,,End date (JST) of the period actually covered by the returned metrics. Format: yyyyMMdd (e.g. 20260215).,openapi,
getRichMenuInsightDaily,GET,https://api.line.me,/v2/bot/insight/richmenu/{richMenuId}/daily,200,GetRichMenuInsightDailyResponse,impression,GetRichMenuInsightDailyResponseImpression,false,,,,openapi,
getRichMenuInsightDaily,GET,https://api.line.me,/v2/bot/insight/richmenu/{richMenuId}/daily,200,GetRichMenuInsightDailyResponse,clicks,array<GetRichMenuInsightDailyResponseClick>,false,,,Daily click metrics for each tappable area of the rich menu.,openapi,
addLIFFApp,POST,https://api.line.me,/liff/v1/apps,200,AddLiffAppResponse,liffId,string,true,,,,openapi,https://developers.line.biz/en/reference/liff-server/#add-liff-app
getAllLIFFApps,GET,https://api.line.me,/liff/v1/apps,200,GetAllLiffAppsResponse,apps,array<LiffApp>,false,,,,openapi,https://developers.line.biz/en/reference/liff-server/#get-all-liff-apps
createAudienceGroup,POST,https://api.line.me,/v2/bot/audienceGroup/upload,202,CreateAudienceGroupResponse,audienceGroupId,integer,false,,,The audience ID.,openapi,https://developers.line.biz/en/reference/messaging-api/#create-upload-audience-group
createAudienceGroup,POST,https://api.line.me,/v2/bot/audienceGroup/upload,202,CreateAudienceGroupResponse,createRoute,string,false,MESSAGING_API,,How the audience was created. `MESSAGING_API`: An audience created with Messaging API.,openapi,https://developers.line.biz/en/reference/messaging-api/#create-upload-audience-group
createAudienceGroup,POST,https://api.line.me,/v2/bot/audienceGroup/upload,202,CreateAudienceGroupResponse,type,AudienceGroupType,false,,,,openapi,https://developers.line.biz/en/reference/messaging-api/#create-upload-audience-group
createAudienceGroup,POST,https://api.line.me,/v2/bot/audienceGroup/upload,202,CreateAudienceGroupResponse,description,string,false,,,The audience's name.,openapi,https://developers.line.biz/en/reference/messaging-api/#create-upload-audience-group
createAudienceGroup,POST,https://api.line.me,/v2/bot/audienceGroup/upload,202,CreateAudienceGroupResponse,created,integer,false,,,When the audience was created (in UNIX time).,openapi,https://developers.line.biz/en/reference/messaging-api/#create-upload-audience-group
createAudienceGroup,POST,https://api.line.me,/v2/bot/audienceGroup/upload,202,CreateAudienceGroupResponse,permission,string,false,READ|READ_WRITE,,Audience's update permission. Audiences linked to the same channel will be READ_WRITE. `READ`: Can use only. `READ_WRITE`: Can use and update.,openapi,https://developers.line.biz/en/reference/messaging-api/#create-upload-audience-group
createAudienceGroup,POST,https://api.line.me,/v2/bot/audienceGroup/upload,202,CreateAudienceGroupResponse,expireTimestamp,integer,false,,,Time of audience expiration. Only returned for specific audiences.,openapi,https://developers.line.biz/en/reference/messaging-api/#create-upload-audience-group
createAudienceGroup,POST,https://api.line.me,/v2/bot/audienceGroup/upload,202,CreateAudienceGroupResponse,isIfaAudience,boolean,false,,,"The value indicating the type of account to be sent, as specified when creating the audience for uploading user IDs. One of: `true`: Accounts are specified with IFAs. `false` (default): Accounts are specified with user IDs.",openapi,https://developers.line.biz/en/reference/messaging-api/#create-upload-audience-group
createAudienceForUploadingUserIds,POST,https://api-data.line.me,/v2/bot/audienceGroup/upload/byFile,202,CreateAudienceGroupResponse,audienceGroupId,integer,false,,,The audience ID.,openapi,https://developers.line.biz/en/reference/messaging-api/#create-upload-audience-group
createAudienceForUploadingUserIds,POST,https://api-data.line.me,/v2/bot/audienceGroup/upload/byFile,202,CreateAudienceGroupResponse,createRoute,string,false,MESSAGING_API,,How the audience was created. `MESSAGING_API`: An audience created with Messaging API.,openapi,https://developers.line.biz/en/reference/messaging-api/#create-upload-audience-group
createAudienceForUploadingUserIds,POST,https://api-data.line.me,/v2/bot/audienceGroup/upload/byFile,202,CreateAudienceGroupResponse,type,AudienceGroupType,false,,,,openapi,https://developers.line.biz/en/reference/messaging-api/#create-upload-audience-group
createAudienceForUploadingUserIds,POST,https://api-data.line.me,/v2/bot/audienceGroup/upload/byFile,202,CreateAudienceGroupResponse,description,string,false,,,The audience's name.,openapi,https://developers.line.biz/en/reference/messaging-api/#create-upload-audience-group
createAudienceForUploadingUserIds,POST,https://api-data.line.me,/v2/bot/audienceGroup/upload/byFile,202,CreateAudienceGroupResponse,created,integer,false,,,When the audience was created (in UNIX time).,openapi,https://developers.line.biz/en/reference/messaging-api/#create-upload-audience-group
createAudienceForUploadingUserIds,POST,https://api-data.line.me,/v2/bot/audienceGroup/upload/byFile,202,CreateAudienceGroupResponse,permission,string,false,READ|READ_WRITE,,Audience's update permission. Audiences linked to the same channel will be READ_WRITE. `READ`: Can use only. `READ_WRITE`: Can use and update.,openapi,https://developers.line.biz/en/reference/messaging-api/#create-upload-audience-group
createAudienceForUploadingUserIds,POST,https://api-data.line.me,/v2/bot/audienceGroup/upload/byFile,202,CreateAudienceGroupResponse,expireTimestamp,integer,false,,,Time of audience expiration. Only returned for specific audiences.,openapi,https://developers.line.biz/en/reference/messaging-api/#create-upload-audience-group
createAudienceForUploadingUserIds,POST,https://api-data.line.me,/v2/bot/audienceGroup/upload/byFile,202,CreateAudienceGroupResponse,isIfaAudience,boolean,false,,,"The value indicating the type of account to be sent, as specified when creating the audience for uploading user IDs. One of: `true`: Accounts are specified with IFAs. `false` (default): Accounts are specified with user IDs.",openapi,https://developers.line.biz/en/reference/messaging-api/#create-upload-audience-group
createClickBasedAudienceGroup,POST,https://api.line.me,/v2/bot/audienceGroup/click,202,CreateClickBasedAudienceGroupResponse,audienceGroupId,integer,false,,,The audience ID.,openapi,https://developers.line.biz/en/reference/messaging-api/#create-click-audience-group
createClickBasedAudienceGroup,POST,https://api.line.me,/v2/bot/audienceGroup/click,202,CreateClickBasedAudienceGroupResponse,type,AudienceGroupType,false,,,,openapi,https://developers.line.biz/en/reference/messaging-api/#create-click-audience-group
createClickBasedAudienceGroup,POST,https://api.line.me,/v2/bot/audienceGroup/click,202,CreateClickBasedAudienceGroupResponse,description,string,false,,,The audience's name.,openapi,https://developers.line.biz/en/reference/messaging-api/#create-click-audience-group
createClickBasedAudienceGroup,POST,https://api.line.me,/v2/bot/audienceGroup/click,202,CreateClickBasedAudienceGroupResponse,created,integer,false,,,When the audience was created (in UNIX time).,openapi,https://developers.line.biz/en/reference/messaging-api/#create-click-audience-group
createClickBasedAudienceGroup,POST,https://api.line.me,/v2/bot/audienceGroup/click,202,CreateClickBasedAudienceGroupResponse,requestId,string,false,,,The request ID that was specified when the audience was created.,openapi,https://developers.line.biz/en/reference/messaging-api/#create-click-audience-group
createClickBasedAudienceGroup,POST,https://api.line.me,/v2/bot/audienceGroup/click,202,CreateClickBasedAudienceGroupResponse,clickUrl,string,false,,,The URL that was specified when the audience was created.,openapi,https://developers.line.biz/en/reference/messaging-api/#create-click-audience-group
createClickBasedAudienceGroup,POST,https://api.line.me,/v2/bot/audienceGroup/click,202,CreateClickBasedAudienceGroupResponse,createRoute,string,false,MESSAGING_API,,How the audience was created. `MESSAGING_API`: An audience created with Messaging API.,openapi,https://developers.line.biz/en/reference/messaging-api/#create-click-audience-group
createClickBasedAudienceGroup,POST,https://api.line.me,/v2/bot/audienceGroup/click,202,CreateClickBasedAudienceGroupResponse,permission,string,false,READ|READ_WRITE,,Audience's update permission. Audiences linked to the same channel will be READ_WRITE. - `READ`: Can use only. - `READ_WRITE`: Can use and update.,openapi,https://developers.line.biz/en/reference/messaging-api/#create-click-audience-group
createClickBasedAudienceGroup,POST,https://api.line.me,/v2/bot/audienceGroup/click,202,CreateClickBasedAudienceGroupResponse,expireTimestamp,integer,false,,,Time of audience expiration. Only returned for specific audiences.,openapi,https://developers.line.biz/en/reference/messaging-api/#create-click-audience-group
createClickBasedAudienceGroup,POST,https://api.line.me,/v2/bot/audienceGroup/click,202,CreateClickBasedAudienceGroupResponse,isIfaAudience,boolean,false,,,"The value indicating the type of account to be sent, as specified when creating the audience for uploading user IDs. One of: true: Accounts are specified with IFAs. false (default): Accounts are specified with user IDs.",openapi,https://developers.line.biz/en/reference/messaging-api/#create-click-audience-group
createImpBasedAudienceGroup,POST,https://api.line.me,/v2/bot/audienceGroup/imp,202,CreateImpBasedAudienceGroupResponse,audienceGroupId,integer,false,,,The audience ID.,openapi,https://developers.line.biz/en/reference/messaging-api/#create-imp-audience-group
createImpBasedAudienceGroup,POST,https://api.line.me,/v2/bot/audienceGroup/imp,202,CreateImpBasedAudienceGroupResponse,type,AudienceGroupType,false,,,,openapi,https://developers.line.biz/en/reference/messaging-api/#create-imp-audience-group
createImpBasedAudienceGroup,POST,https://api.line.me,/v2/bot/audienceGroup/imp,202,CreateImpBasedAudienceGroupResponse,description,string,false,,,The audience's name.,openapi,https://developers.line.biz/en/reference/messaging-api/#create-imp-audience-group
createImpBasedAudienceGroup,POST,https://api.line.me,/v2/bot/audienceGroup/imp,202,CreateImpBasedAudienceGroupResponse,created,integer,false,,,When the audience was created (in UNIX time).,openapi,https://developers.line.biz/en/reference/messaging-api/#create-imp-audience-group
createImpBasedAudienceGroup,POST,https://api.line.me,/v2/bot/audienceGroup/imp,202,CreateImpBasedAudienceGroupResponse,requestId,string,false,,,The request ID that was specified when the audience was created.,openapi,https://developers.line.biz/en/reference/messaging-api/#create-imp-audience-group
getAudienceData,GET,https://api.line.me,/v2/bot/audienceGroup/{audienceGroupId},200,GetAudienceDataResponse,audienceGroup,AudienceGroup,false,,,,openapi,https://developers.line.biz/en/reference/messaging-api/#get-audience-group
getAudienceData,GET,https://api.line.me,/v2/bot/audienceGroup/{audienceGroupId},200,GetAudienceDataResponse,jobs,array<AudienceGroupJob>,false,,50,An array of jobs. This array is used to keep track of each attempt to add new user IDs or IFAs to an audience for uploading user IDs. Empty array is returned for any other type of audience. Max: 50,openapi,https://developers.line.biz/en/reference/messaging-api/#get-audience-group
getAudienceData,GET,https://api.line.me,/v2/bot/audienceGroup/{audienceGroupId},200,GetAudienceDataResponse,adaccount,Adaccount,false,,,,openapi,https://developers.line.biz/en/reference/messaging-api/#get-audience-group
getAudienceGroups,GET,https://api.line.me,/v2/bot/audienceGroup/list,200,GetAudienceGroupsResponse,audienceGroups,array<AudienceGroup>,false,,,"An array of audience data. If there are no audiences that match the specified filter, an empty array will be returned.",openapi,https://developers.line.biz/en/reference/messaging-api/#get-audience-groups
getAudienceGroups,GET,https://api.line.me,/v2/bot/audienceGroup/list,200,GetAudienceGroupsResponse,hasNextPage,boolean,false,,,true when this is not the last page.,openapi,https://developers.line.biz/en/reference/messaging-api/#get-audience-groups
getAudienceGroups,GET,https://api.line.me,/v2/bot/audienceGroup/list,200,GetAudienceGroupsResponse,totalCount,integer,false,,,The total number of audiences that can be returned with the specified filter.,openapi,https://developers.line.biz/en/reference/messaging-api/#get-audience-groups
getAudienceGroups,GET,https://api.line.me,/v2/bot/audienceGroup/list,200,GetAudienceGroupsResponse,readWriteAudienceGroupTotalCount,integer,false,,,"Of the audiences you can get with the specified filter, the number of audiences with the update permission set to READ_WRITE.",openapi,https://developers.line.biz/en/reference/messaging-api/#get-audience-groups
getAudienceGroups,GET,https://api.line.me,/v2/bot/audienceGroup/list,200,GetAudienceGroupsResponse,page,integer,false,,,The current page number.,openapi,https://developers.line.biz/en/reference/messaging-api/#get-audience-groups
getAudienceGroups,GET,https://api.line.me,/v2/bot/audienceGroup/list,200,GetAudienceGroupsResponse,size,integer,false,,,The maximum number of audiences on the current page.,openapi,https://developers.line.biz/en/reference/messaging-api/#get-audience-groups
getSharedAudienceData,GET,https://api.line.me,/v2/bot/audienceGroup/shared/{audienceGroupId},200,GetSharedAudienceDataResponse,audienceGroup,AudienceGroup,false,,,,openapi,https://developers.line.biz/en/reference/messaging-api/#get-audience-group
getSharedAudienceData,GET,https://api.line.me,/v2/bot/audienceGroup/shared/{audienceGroupId},200,GetSharedAudienceDataResponse,jobs,array<AudienceGroupJob>,false,,50,An array of jobs. This array is used to keep track of each attempt to add new user IDs or IFAs to an audience for uploading user IDs. Empty array is returned for any other type of audience. Max: 50,openapi,https://developers.line.biz/en/reference/messaging-api/#get-audience-group
getSharedAudienceData,GET,https://api.line.me,/v2/bot/audienceGroup/shared/{audienceGroupId},200,GetSharedAudienceDataResponse,owner,DetailedOwner,false,,,,openapi,https://developers.line.biz/en/reference/messaging-api/#get-audience-group
getSharedAudienceGroups,GET,https://api.line.me,/v2/bot/audienceGroup/shared/list,200,GetSharedAudienceGroupsResponse,audienceGroups,array<AudienceGroup>,false,,,"An array of audience data. If there are no audiences that match the specified filter, an empty array will be returned.",openapi,https://developers.line.biz/en/reference/messaging-api/#get-audience-groups
getSharedAudienceGroups,GET,https://api.line.me,/v2/bot/audienceGroup/shared/list,200,GetSharedAudienceGroupsResponse,hasNextPage,boolean,false,,,true when this is not the last page.,openapi,https://developers.line.biz/en/reference/messaging-api/#get-audience-groups
getSharedAudienceGroups,GET,https://api.line.me,/v2/bot/audienceGroup/shared/list,200,GetSharedAudienceGroupsResponse,totalCount,integer,false,,,The total number of audiences that can be returned with the specified filter.,openapi,https://developers.line.biz/en/reference/messaging-api/#get-audience-groups
getSharedAudienceGroups,GET,https://api.line.me,/v2/bot/audienceGroup/shared/list,200,GetSharedAudienceGroupsResponse,readWriteAudienceGroupTotalCount,integer,false,,,"Of the audiences you can get with the specified filter, the number of audiences with the update permission set to READ_WRITE.",openapi,https://developers.line.biz/en/reference/messaging-api/#get-audience-groups
getSharedAudienceGroups,GET,https://api.line.me,/v2/bot/audienceGroup/shared/list,200,GetSharedAudienceGroupsResponse,page,integer,false,,,The current page number.,openapi,https://developers.line.biz/en/reference/messaging-api/#get-audience-groups
getSharedAudienceGroups,GET,https://api.line.me,/v2/bot/audienceGroup/shared/list,200,GetSharedAudienceGroupsResponse,size,integer,false,,,The maximum number of audiences on the current page.,openapi,https://developers.line.biz/en/reference/messaging-api/#get-audience-groups
getWebhookEndpoint,GET,https://api.line.me,/v2/bot/channel/webhook/endpoint,200,GetWebhookEndpointResponse,endpoint,string,true,,,Webhook URL,openapi,https://developers.line.biz/en/reference/messaging-api/#get-webhook-endpoint-information
getWebhookEndpoint,GET,https://api.line.me,/v2/bot/channel/webhook/endpoint,200,GetWebhookEndpointResponse,active,boolean,true,,,Webhook usage status. Send a webhook event from the LINE Platform to the webhook URL only if enabled. `true`: Webhook usage is enabled. `false`: Webhook usage is disabled.,openapi,https://developers.line.biz/en/reference/messaging-api/#get-webhook-endpoint-information
testWebhookEndpoint,POST,https://api.line.me,/v2/bot/channel/webhook/test,200,TestWebhookEndpointResponse,success,boolean,false,,,Result of the communication from the LINE platform to the webhook URL.,openapi,https://developers.line.biz/en/reference/messaging-api/#test-webhook-endpoint
testWebhookEndpoint,POST,https://api.line.me,/v2/bot/channel/webhook/test,200,TestWebhookEndpointResponse,timestamp,string,true,,,"Time of the event in milliseconds. Even in the case of a redelivered webhook, it represents the time the event occurred, not the time it was redelivered.",openapi,https://developers.line.biz/en/reference/messaging-api/#test-webhook-endpoint
testWebhookEndpoint,POST,https://api.line.me,/v2/bot/channel/webhook/test,200,TestWebhookEndpointResponse,statusCode,integer,true,,,"The HTTP status code. If the webhook response isn't received, the status code is set to zero or a negative number.",openapi,https://developers.line.biz/en/reference/messaging-api/#test-webhook-endpoint
testWebhookEndpoint,POST,https://api.line.me,/v2/bot/channel/webhook/test,200,TestWebhookEndpointResponse,reason,string,true,,,Reason for the response.,openapi,https://developers.line.biz/en/reference/messaging-api/#test-webhook-endpoint
testWebhookEndpoint,POST,https://api.line.me,/v2/bot/channel/webhook/test,200,TestWebhookEndpointResponse,detail,string,true,,,Details of the response.,openapi,https://developers.line.biz/en/reference/messaging-api/#test-webhook-endpoint
getMessageContentTranscodingByMessageId,GET,https://api-data.line.me,/v2/bot/message/{messageId}/content/transcoding,200,GetMessageContentTranscodingResponse,status,string,true,processing|succeeded|failed,,The preparation status. One of: `processing`: Preparing to get content. `succeeded`: Ready to get the content. You can get the content sent by users. `failed`: Failed to prepare to get the content.,openapi,https://developers.line.biz/en/reference/messaging-api/#verify-video-or-audio-preparation-status
replyMessage,POST,https://api.line.me,/v2/bot/message/reply,200,ReplyMessageResponse,sentMessages,array<SentMessage>,true,,5,Array of sent messages.,openapi,https://developers.line.biz/en/reference/messaging-api/#send-reply-message-response
pushMessage,POST,https://api.line.me,/v2/bot/message/push,200,PushMessageResponse,sentMessages,array<SentMessage>,true,,5,Array of sent messages.,openapi,https://developers.line.biz/en/reference/messaging-api/#send-push-message-response
multicast,POST,https://api.line.me,/v2/bot/message/multicast,200,MulticastResponse,,,,,,回應為空的 JSON 物件 {}，沒有欄位,openapi,https://developers.line.biz/en/reference/messaging-api/#send-multicast-response
narrowcast,POST,https://api.line.me,/v2/bot/message/narrowcast,202,NarrowcastResponse,,,,,,回應為空的 JSON 物件 {}，沒有欄位,openapi,https://developers.line.biz/en/reference/messaging-api/#send-narrowcast-response
getNarrowcastProgress,GET,https://api.line.me,/v2/bot/message/progress/narrowcast,200,NarrowcastProgressResponse,phase,string,true,waiting|sending|succeeded|failed,,The current status. One of: `waiting`: Messages are not yet ready to be sent. They are currently being filtered or processed in some way. `sending`: Messages are currently being sent. `succeeded`: Messages were sent successfully. This may not mean the messages were successfully received. `failed`: Messages failed to be sent. Use the failedDescription property to find the cause of the failure.,openapi,https://developers.line.biz/en/reference/messaging-api/#get-narrowcast-progress-status
getNarrowcastProgress,GET,https://api.line.me,/v2/bot/message/progress/narrowcast,200,NarrowcastProgressResponse,successCount,integer,false,,,The number of users who successfully received the message.,openapi,https://developers.line.biz/en/reference/messaging-api/#get-narrowcast-progress-status
getNarrowcastProgress,GET,https://api.line.me,/v2/bot/message/progress/narrowcast,200,NarrowcastProgressResponse,failureCount,integer,false,,,The number of users who failed to send the message.,openapi,https://developers.line.biz/en/reference/messaging-api/#get-narrowcast-progress-status
getNarrowcastProgress,GET,https://api.line.me,/v2/bot/message/progress/narrowcast,200,NarrowcastProgressResponse,targetCount,integer,false,,,The number of intended recipients of the message.,openapi,https://developers.line.biz/en/reference/messaging-api/#get-narrowcast-progress-status
getNarrowcastProgress,GET,https://api.line.me,/v2/bot/message/progress/narrowcast,200,NarrowcastProgressResponse,failedDescription,string,false,,,The reason the message failed to be sent. This is only included with a `phase` property value of `failed`.,openapi,https://developers.line.biz/en/reference/messaging-api/#get-narrowcast-progress-status
getNarrowcastProgress,GET,https://api.line.me,/v2/bot/message/progress/narrowcast,200,NarrowcastProgressResponse,errorCode,integer,false,,,Error summary. This is only included with a phase property value of failed. One of: `1`: An internal error occurred. `2`: An error occurred because there weren't enough recipients. `3`: A conflict error of requests occurs because a request that has already been accepted is retried. `4`: An audience of less than 50 recipients is included as a condition of sending. `5`: Message delivery has been canceled to prevent messages from being delivered only to a subset of the target audience.,openapi,https://developers.line.biz/en/reference/messaging-api/#get-narrowcast-progress-status
getNarrowcastProgress,GET,https://api.line.me,/v2/bot/message/progress/narrowcast,200,NarrowcastProgressResponse,acceptedTime,string,true,,,Narrowcast message request accepted time in milliseconds. Format: ISO 8601 (e.g. 2020-12-03T10:15:30.121Z) Timezone: UTC,openapi,https://developers.line.biz/en/reference/messaging-api/#get-narrowcast-progress-status
getNarrowcastProgress,GET,https://api.line.me,/v2/bot/message/progress/narrowcast,200,NarrowcastProgressResponse,completedTime,string,false,,,Processing of narrowcast message request completion time in milliseconds. Returned when the phase property is succeeded or failed. Format: ISO 8601 (e.g. 2020-12-03T10:15:30.121Z) Timezone: UTC,openapi,https://developers.line.biz/en/reference/messaging-api/#get-narrowcast-progress-status
broadcast,POST,https://api.line.me,/v2/bot/message/broadcast,200,BroadcastResponse,,,,,,回應為空的 JSON 物件 {}，沒有欄位,openapi,https://developers.line.biz/en/reference/messaging-api/#send-broadcast-response
getMessageQuota,GET,https://api.line.me,/v2/bot/message/quota,200,MessageQuotaResponse,type,QuotaType,true,,,,openapi,https://developers.line.biz/en/reference/messaging-api/#get-quota
getMessageQuota,GET,https://api.line.me,/v2/bot/message/quota,200,MessageQuotaResponse,value,integer,false,,,The target limit for sending messages in the current month. This property is returned when the `type` property has a value of `limited`.,openapi,https://developers.line.biz/en/reference/messaging-api/#get-quota
getMessageQuotaConsumption,GET,https://api.line.me,/v2/bot/message/quota/consumption,200,QuotaConsumptionResponse,totalUsage,integer,true,,,The number of sent messages in the current month,openapi,https://developers.line.biz/en/reference/messaging-api/#get-consumption
getNumberOfSentReplyMessages,GET,https://api.line.me,/v2/bot/message/delivery/reply,200,NumberOfMessagesResponse,status,string,true,ready|unready|unavailable_for_privacy|out_of_service,,"Aggregation process status. One of: `ready`: The number of messages can be obtained. `unready`: We haven't finished calculating the number of sent messages for the specified in date. For example, this property is returned when the delivery date or a future date is specified. Calculation usually takes about a day. `unavailable_for_privacy`: The total number of messages on the specified day is less than 20. `out_of_service`: The specified date is earlier than the date on which we first started calculating sent messages (March 31, 2018).",openapi,
getNumberOfSentReplyMessages,GET,https://api.line.me,/v2/bot/message/delivery/reply,200,NumberOfMessagesResponse,success,integer,false,,,The number of messages delivered using the phone number on the date specified in `date`. The response has this property only when the value of `status` is `ready`.,openapi,
getNumberOfSentPushMessages,GET,https://api.line.me,/v2/bot/message/delivery/push,200,NumberOfMessagesResponse,status,string,true,ready|unready|unavailable_for_privacy|out_of_service,,"Aggregation process status. One of: `ready`: The number of messages can be obtained. `unready`: We haven't finished calculating the number of sent messages for the specified in date. For example, this property is returned when the delivery date or a future date is specified. Calculation usually takes about a day. `unavailable_for_privacy`: The total number of messages on the specified day is less than 20. `out_of_service`: The specified date is earlier than the date on which we first started calculating sent messages (March 31, 2018).",openapi,
getNumberOfSentPushMessages,GET,https://api.line.me,/v2/bot/message/delivery/push,200,NumberOfMessagesResponse,success,integer,false,,,The number of messages delivered using the phone number on the date specified in `date`. The response has this property only when the value of `status` is `ready`.,openapi,
getNumberOfSentMulticastMessages,GET,https://api.line.me,/v2/bot/message/delivery/multicast,200,NumberOfMessagesResponse,status,string,true,ready|unready|unavailable_for_privacy|out_of_service,,"Aggregation process status. One of: `ready`: The number of messages can be obtained. `unready`: We haven't finished calculating the number of sent messages for the specified in date. For example, this property is returned when the delivery date or a future date is specified. Calculation usually takes about a day. `unavailable_for_privacy`: The total number of messages on the specified day is less than 20. `out_of_service`: The specified date is earlier than the date on which we first started calculating sent messages (March 31, 2018).",openapi,
getNumberOfSentMulticastMessages,GET,https://api.line.me,/v2/bot/message/delivery/multicast,200,NumberOfMessagesResponse,success,integer,false,,,The number of messages delivered using the phone number on the date specified in `date`. The response has this property only when the value of `status` is `ready`.,openapi,
getNumberOfSentBroadcastMessages,GET,https://api.line.me,/v2/bot/message/delivery/broadcast,200,NumberOfMessagesResponse,status,string,true,ready|unready|unavailable_for_privacy|out_of_service,,"Aggregation process status. One of: `ready`: The number of messages can be obtained. `unready`: We haven't finished calculating the number of sent messages for the specified in date. For example, this property is returned when the delivery date or a future date is specified. Calculation usually takes about a day. `unavailable_for_privacy`: The total number of messages on the specified day is less than 20. `out_of_service`: The specified date is earlier than the date on which we first started calculating sent messages (March 31, 2018).",openapi,
getNumberOfSentBroadcastMessages,GET,https://api.line.me,/v2/bot/message/delivery/broadcast,200,NumberOfMessagesResponse,success,integer,false,,,The number of messages delivered using the phone number on the date specified in `date`. The response has this property only when the value of `status` is `ready`.,openapi,
getAggregationUnitUsage,GET,https://api.line.me,/v2/bot/message/aggregation/info,200,GetAggregationUnitUsageResponse,numOfCustomAggregationUnits,integer,true,,,Number of aggregation units used this month.,openapi,https://developers.line.biz/en/reference/messaging-api/#get-number-of-units-used-this-month
getAggregationUnitNameList,GET,https://api.line.me,/v2/bot/message/aggregation/list,200,GetAggregationUnitNameListResponse,customAggregationUnits,array<string>,true,,,An array of strings indicating the names of aggregation units used this month.,openapi,https://developers.line.biz/en/reference/messaging-api/#get-name-list-of-units-used-this-month
getAggregationUnitNameList,GET,https://api.line.me,/v2/bot/message/aggregation/list,200,GetAggregationUnitNameListResponse,next,string,false,,,A continuation token to get the next array of unit names. Returned only when there are remaining aggregation units that weren't returned in customAggregationUnits in the original request.,openapi,https://developers.line.biz/en/reference/messaging-api/#get-name-list-of-units-used-this-month
getProfile,GET,https://api.line.me,/v2/bot/profile/{userId},200,UserProfileResponse,displayName,string,true,,,User's display name,openapi,https://developers.line.biz/en/reference/messaging-api/#get-profile
getProfile,GET,https://api.line.me,/v2/bot/profile/{userId},200,UserProfileResponse,userId,string,true,,,User ID,openapi,https://developers.line.biz/en/reference/messaging-api/#get-profile
getProfile,GET,https://api.line.me,/v2/bot/profile/{userId},200,UserProfileResponse,pictureUrl,string,false,,,Profile image URL. `https` image URL. Not included in the response if the user doesn't have a profile image.,openapi,https://developers.line.biz/en/reference/messaging-api/#get-profile
getProfile,GET,https://api.line.me,/v2/bot/profile/{userId},200,UserProfileResponse,statusMessage,string,false,,,User's status message. Not included in the response if the user doesn't have a status message.,openapi,https://developers.line.biz/en/reference/messaging-api/#get-profile
getProfile,GET,https://api.line.me,/v2/bot/profile/{userId},200,UserProfileResponse,language,string,false,,,"User's language, as a BCP 47 language tag. Not included in the response if the user hasn't yet consented to the LINE Privacy Policy.",openapi,https://developers.line.biz/en/reference/messaging-api/#get-profile
getFollowers,GET,https://api.line.me,/v2/bot/followers/ids,200,GetFollowersResponse,userIds,array<string>,true,,1000,An array of strings indicating user IDs of users that have added the LINE Official Account as a friend. Only users of LINE for iOS and LINE for Android are included in `userIds`.,openapi,https://developers.line.biz/en/reference/messaging-api/#get-follower-ids
getFollowers,GET,https://api.line.me,/v2/bot/followers/ids,200,GetFollowersResponse,next,string,false,,,A continuation token to get the next array of user IDs. Returned only when there are remaining user IDs that weren't returned in `userIds` in the original request. The number of user IDs in the `userIds` element doesn't have to reach the maximum number specified by `limit` for the `next` property to be included in the response.,openapi,https://developers.line.biz/en/reference/messaging-api/#get-follower-ids
getBotInfo,GET,https://api.line.me,/v2/bot/info,200,BotInfoResponse,userId,string,true,,,Bot's user ID,openapi,https://developers.line.biz/en/reference/messaging-api/#get-bot-info
getBotInfo,GET,https://api.line.me,/v2/bot/info,200,BotInfoResponse,basicId,string,true,,,Bot's basic ID,openapi,https://developers.line.biz/en/reference/messaging-api/#get-bot-info
getBotInfo,GET,https://api.line.me,/v2/bot/info,200,BotInfoResponse,premiumId,string,false,,,Bot's premium ID. Not included in the response if the premium ID isn't set.,openapi,https://developers.line.biz/en/reference/messaging-api/#get-bot-info
getBotInfo,GET,https://api.line.me,/v2/bot/info,200,BotInfoResponse,displayName,string,true,,,Bot's display name,openapi,https://developers.line.biz/en/reference/messaging-api/#get-bot-info
getBotInfo,GET,https://api.line.me,/v2/bot/info,200,BotInfoResponse,pictureUrl,string,false,,,Profile image URL. `https` image URL. Not included in the response if the bot doesn't have a profile image.,openapi,https://developers.line.biz/en/reference/messaging-api/#get-bot-info
getBotInfo,GET,https://api.line.me,/v2/bot/info,200,BotInfoResponse,chatMode,string,true,chat|bot,,"Chat settings set in the LINE Official Account Manager. One of: `chat`: Chat is set to ""On"". `bot`: Chat is set to ""Off"".",openapi,https://developers.line.biz/en/reference/messaging-api/#get-bot-info
getBotInfo,GET,https://api.line.me,/v2/bot/info,200,BotInfoResponse,markAsReadMode,string,true,auto|manual,,"Automatic read setting for messages. If the chat is set to ""Off"", auto is returned. If the chat is set to ""On"", manual is returned. `auto`: Auto read setting is enabled. `manual`: Auto read setting is disabled.",openapi,https://developers.line.biz/en/reference/messaging-api/#get-bot-info
getGroupMemberProfile,GET,https://api.line.me,/v2/bot/group/{groupId}/member/{userId},200,GroupUserProfileResponse,displayName,string,true,,,User's display name,openapi,https://developers.line.biz/en/reference/messaging-api/#get-group-member-profile
getGroupMemberProfile,GET,https://api.line.me,/v2/bot/group/{groupId}/member/{userId},200,GroupUserProfileResponse,userId,string,true,,,User ID,openapi,https://developers.line.biz/en/reference/messaging-api/#get-group-member-profile
getGroupMemberProfile,GET,https://api.line.me,/v2/bot/group/{groupId}/member/{userId},200,GroupUserProfileResponse,pictureUrl,string,false,,,Profile image URL. `https` image URL. Not included in the response if the user doesn't have a profile image.,openapi,https://developers.line.biz/en/reference/messaging-api/#get-group-member-profile
getRoomMemberProfile,GET,https://api.line.me,/v2/bot/room/{roomId}/member/{userId},200,RoomUserProfileResponse,displayName,string,true,,,User's display name,openapi,https://developers.line.biz/en/reference/messaging-api/#get-room-member-profile
getRoomMemberProfile,GET,https://api.line.me,/v2/bot/room/{roomId}/member/{userId},200,RoomUserProfileResponse,userId,string,true,,,User ID,openapi,https://developers.line.biz/en/reference/messaging-api/#get-room-member-profile
getRoomMemberProfile,GET,https://api.line.me,/v2/bot/room/{roomId}/member/{userId},200,RoomUserProfileResponse,pictureUrl,string,false,,,Profile image URL. `https` image URL. Not included in the response if the user doesn't have a profile image.,openapi,https://developers.line.biz/en/reference/messaging-api/#get-room-member-profile
getGroupMembersIds,GET,https://api.line.me,/v2/bot/group/{groupId}/members/ids,200,MembersIdsResponse,memberIds,array<string>,true,,100,List of user IDs of members in the group chat. Only users of LINE for iOS and LINE for Android are included in `memberIds`.,openapi,
getGroupMembersIds,GET,https://api.line.me,/v2/bot/group/{groupId}/members/ids,200,MembersIdsResponse,next,string,false,,,A continuation token to get the next array of user IDs of the members in the group chat. Returned only when there are remaining user IDs that were not returned in `memberIds` in the original request.,openapi,
getRoomMembersIds,GET,https://api.line.me,/v2/bot/room/{roomId}/members/ids,200,MembersIdsResponse,memberIds,array<string>,true,,100,List of user IDs of members in the group chat. Only users of LINE for iOS and LINE for Android are included in `memberIds`.,openapi,
getRoomMembersIds,GET,https://api.line.me,/v2/bot/room/{roomId}/members/ids,200,MembersIdsResponse,next,string,false,,,A continuation token to get the next array of user IDs of the members in the group chat. Returned only when there are remaining user IDs that were not returned in `memberIds` in the original request.,openapi,
getGroupSummary,GET,https://api.line.me,/v2/bot/group/{groupId}/summary,200,GroupSummaryResponse,groupId,string,true,,,Group ID,openapi,https://developers.line.biz/en/reference/messaging-api/#get-group-summary
getGroupSummary,GET,https://api.line.me,/v2/bot/group/{groupId}/summary,200,GroupSummaryResponse,groupName,string,true,,,Group name,openapi,https://developers.line.biz/en/reference/messaging-api/#get-group-summary
getGroupSummary,GET,https://api.line.me,/v2/bot/group/{groupId}/summary,200,GroupSummaryResponse,pictureUrl,string,false,,,Group icon URL. Not included in the response if the user doesn't set a group profile icon.,openapi,https://developers.line.biz/en/reference/messaging-api/#get-group-summary
getGroupMemberCount,GET,https://api.line.me,/v2/bot/group/{groupId}/members/count,200,GroupMemberCountResponse,count,integer,true,,,The count of members in the group chat. The number returned excludes the LINE Official Account.,openapi,https://developers.line.biz/en/reference/messaging-api/#get-members-group-count
getRoomMemberCount,GET,https://api.line.me,/v2/bot/room/{roomId}/members/count,200,RoomMemberCountResponse,count,integer,true,,,The count of members in the multi-person chat. The number returned excludes the LINE Official Account.,openapi,https://developers.line.biz/en/reference/messaging-api/#get-members-room-count
createRichMenu,POST,https://api.line.me,/v2/bot/richmenu,200,RichMenuIdResponse,richMenuId,string,true,,,Rich menu ID,openapi,
getRichMenu,GET,https://api.line.me,/v2/bot/richmenu/{richMenuId},200,RichMenuResponse,richMenuId,string,true,,,ID of a rich menu,openapi,https://developers.line.biz/en/reference/messaging-api/#rich-menu-response-object
getRichMenu,GET,https://api.line.me,/v2/bot/richmenu/{richMenuId},200,RichMenuResponse,size,RichMenuSize,true,,,,openapi,https://developers.line.biz/en/reference/messaging-api/#rich-menu-response-object
getRichMenu,GET,https://api.line.me,/v2/bot/richmenu/{richMenuId},200,RichMenuResponse,selected,boolean,true,,,"`true` to display the rich menu by default. Otherwise, `false`.",openapi,https://developers.line.biz/en/reference/messaging-api/#rich-menu-response-object
getRichMenu,GET,https://api.line.me,/v2/bot/richmenu/{richMenuId},200,RichMenuResponse,name,string,true,,300,Name of the rich menu. This value can be used to help manage your rich menus and is not displayed to users.,openapi,https://developers.line.biz/en/reference/messaging-api/#rich-menu-response-object
getRichMenu,GET,https://api.line.me,/v2/bot/richmenu/{richMenuId},200,RichMenuResponse,chatBarText,string,true,,14,Text displayed in the chat bar,openapi,https://developers.line.biz/en/reference/messaging-api/#rich-menu-response-object
getRichMenu,GET,https://api.line.me,/v2/bot/richmenu/{richMenuId},200,RichMenuResponse,areas,array<RichMenuArea>,true,,20,Array of area objects which define the coordinates and size of tappable areas,openapi,https://developers.line.biz/en/reference/messaging-api/#rich-menu-response-object
getRichMenuList,GET,https://api.line.me,/v2/bot/richmenu/list,200,RichMenuListResponse,richmenus,array<RichMenuResponse>,true,,,Rich menus,openapi,https://developers.line.biz/en/reference/messaging-api/#get-rich-menu-list
getDefaultRichMenuId,GET,https://api.line.me,/v2/bot/user/all/richmenu,200,RichMenuIdResponse,richMenuId,string,true,,,Rich menu ID,openapi,
getRichMenuAlias,GET,https://api.line.me,/v2/bot/richmenu/alias/{richMenuAliasId},200,RichMenuAliasResponse,richMenuAliasId,string,true,,,Rich menu alias ID.,openapi,
getRichMenuAlias,GET,https://api.line.me,/v2/bot/richmenu/alias/{richMenuAliasId},200,RichMenuAliasResponse,richMenuId,string,true,,,The rich menu ID associated with the rich menu alias.,openapi,
getRichMenuAliasList,GET,https://api.line.me,/v2/bot/richmenu/alias/list,200,RichMenuAliasListResponse,aliases,array<RichMenuAliasResponse>,true,,,Rich menu aliases.,openapi,https://developers.line.biz/en/reference/messaging-api/#get-rich-menu-alias-list
getRichMenuIdOfUser,GET,https://api.line.me,/v2/bot/user/{userId}/richmenu,200,RichMenuIdResponse,richMenuId,string,true,,,Rich menu ID,openapi,
getRichMenuBatchProgress,GET,https://api.line.me,/v2/bot/richmenu/progress/batch,200,RichMenuBatchProgressResponse,phase,RichMenuBatchProgressPhase,true,,,,openapi,https://developers.line.biz/en/reference/messaging-api/#get-batch-control-rich-menus-progress-status-response
getRichMenuBatchProgress,GET,https://api.line.me,/v2/bot/richmenu/progress/batch,200,RichMenuBatchProgressResponse,acceptedTime,string,true,,,The accepted time in milliseconds of the request of batch control the rich menu. Format: ISO 8601 (e.g. 2023-06-08T10:15:30.121Z) Timezone: UTC,openapi,https://developers.line.biz/en/reference/messaging-api/#get-batch-control-rich-menus-progress-status-response
getRichMenuBatchProgress,GET,https://api.line.me,/v2/bot/richmenu/progress/batch,200,RichMenuBatchProgressResponse,completedTime,string,false,,,The completed time in milliseconds of rich menu batch control. Returned when the phase property is succeeded or failed. Format: ISO 8601 (e.g. 2023-06-08T10:15:30.121Z) Timezone: UTC,openapi,https://developers.line.biz/en/reference/messaging-api/#get-batch-control-rich-menus-progress-status-response
issueLinkToken,POST,https://api.line.me,/v2/bot/user/{userId}/linkToken,200,IssueLinkTokenResponse,linkToken,string,true,,,Link token. Link tokens are valid for 10 minutes and can only be used once.,openapi,https://developers.line.biz/en/reference/messaging-api/#issue-link-token
getPNPMessageStatistics,GET,https://api.line.me,/v2/bot/message/delivery/pnp,200,NumberOfMessagesResponse,status,string,true,ready|unready|unavailable_for_privacy|out_of_service,,"Aggregation process status. One of: `ready`: The number of messages can be obtained. `unready`: We haven't finished calculating the number of sent messages for the specified in date. For example, this property is returned when the delivery date or a future date is specified. Calculation usually takes about a day. `unavailable_for_privacy`: The total number of messages on the specified day is less than 20. `out_of_service`: The specified date is earlier than the date on which we first started calculating sent messages (March 31, 2018).",openapi,
getPNPMessageStatistics,GET,https://api.line.me,/v2/bot/message/delivery/pnp,200,NumberOfMessagesResponse,success,integer,false,,,The number of messages delivered using the phone number on the date specified in `date`. The response has this property only when the value of `status` is `ready`.,openapi,
getMembershipSubscription,GET,https://api.line.me,/v2/bot/membership/subscription/{userId},200,GetMembershipSubscriptionResponse,subscriptions,array<Subscription>,true,,,List of subscription information,openapi,https://developers.line.biz/en/reference/messaging-api/#get-a-users-membership-subscription-status
getMembershipList,GET,https://api.line.me,/v2/bot/membership/list,200,MembershipListResponse,memberships,array<Membership>,true,,,List of membership information,openapi,
getJoinedMembershipUsers,GET,https://api.line.me,/v2/bot/membership/{membershipId}/users/ids,200,GetJoinedMembershipUsersResponse,userIds,array<string>,true,,1000,"A list of user IDs who joined the membership. Users who have not agreed to the bot user agreement, are not following the bot, or are not active will be excluded. If there are no users in the membership, an empty list will be returned.",openapi,https://developers.line.biz/en/reference/messaging-api/#get-membership-user-ids
getJoinedMembershipUsers,GET,https://api.line.me,/v2/bot/membership/{membershipId}/users/ids,200,GetJoinedMembershipUsersResponse,next,string,false,,,"A continuation token to get next remaining membership user IDs. Returned only when there are remaining user IDs that weren't returned in the userIds property in the previous request. The continuation token expires in 24 hours (86,400 seconds).",openapi,https://developers.line.biz/en/reference/messaging-api/#get-membership-user-ids
listCoupon,GET,https://api.line.me,/v2/bot/coupon,200,MessagingApiPagerCouponListResponse,items,array<CouponListResponse>,true,,,List of coupon summary objects.,openapi,
listCoupon,GET,https://api.line.me,/v2/bot/coupon,200,MessagingApiPagerCouponListResponse,next,string,false,,,Token for fetching the next page of results.,openapi,
createCoupon,POST,https://api.line.me,/v2/bot/coupon,200,CouponCreateResponse,couponId,string,true,,,Unique identifier of the coupon.,openapi,
getCouponDetail,GET,https://api.line.me,/v2/bot/coupon/{couponId},200,CouponResponse,acquisitionCondition,AcquisitionConditionResponse,false,,,,openapi,
getCouponDetail,GET,https://api.line.me,/v2/bot/coupon/{couponId},200,CouponResponse,barcodeImageUrl,string,false,,,URL of the barcode image associated with the coupon. Used for in-store redemption.,openapi,
getCouponDetail,GET,https://api.line.me,/v2/bot/coupon/{couponId},200,CouponResponse,couponCode,string,false,,,Unique code to be presented by the user to redeem the coupon.,openapi,
getCouponDetail,GET,https://api.line.me,/v2/bot/coupon/{couponId},200,CouponResponse,description,string,false,,,Detailed description of the coupon. Displayed to users.,openapi,
getCouponDetail,GET,https://api.line.me,/v2/bot/coupon/{couponId},200,CouponResponse,endTimestamp,integer,false,,,Coupon expiration time (epoch seconds). Coupon cannot be used after this time.,openapi,
getCouponDetail,GET,https://api.line.me,/v2/bot/coupon/{couponId},200,CouponResponse,imageUrl,string,false,,,URL of the main image representing the coupon. Displayed in the coupon list.,openapi,
getCouponDetail,GET,https://api.line.me,/v2/bot/coupon/{couponId},200,CouponResponse,maxAcquireCount,integer,false,,,Maximum number of coupons that can be issued in total.,openapi,
getCouponDetail,GET,https://api.line.me,/v2/bot/coupon/{couponId},200,CouponResponse,maxUseCountPerTicket,integer,false,,,Maximum number of times a single coupon ticket can be used.,openapi,
getCouponDetail,GET,https://api.line.me,/v2/bot/coupon/{couponId},200,CouponResponse,maxTicketPerUser,integer,false,,,Maximum number of coupon tickets a single user can acquire.,openapi,
getCouponDetail,GET,https://api.line.me,/v2/bot/coupon/{couponId},200,CouponResponse,startTimestamp,integer,false,,,Coupon start time (epoch seconds). Coupon can be used from this time.,openapi,
getCouponDetail,GET,https://api.line.me,/v2/bot/coupon/{couponId},200,CouponResponse,title,string,false,,,Title of the coupon. Displayed in the coupon list.,openapi,
getCouponDetail,GET,https://api.line.me,/v2/bot/coupon/{couponId},200,CouponResponse,usageCondition,string,false,,,Conditions for using the coupon. Shown to users.,openapi,
getCouponDetail,GET,https://api.line.me,/v2/bot/coupon/{couponId},200,CouponResponse,reward,CouponRewardResponse,false,,,,openapi,
getCouponDetail,GET,https://api.line.me,/v2/bot/coupon/{couponId},200,CouponResponse,visibility,string,false,UNLISTED|PUBLIC|PRIVATE,,Visibility of the coupon. Determines who can see or acquire the coupon.,openapi,
getCouponDetail,GET,https://api.line.me,/v2/bot/coupon/{couponId},200,CouponResponse,timezone,string,false,ETC_GMT_MINUS_12|ETC_GMT_MINUS_11|PACIFIC_HONOLULU|AMERICA_ANCHORAGE|AMERICA_LOS_ANGELES|AMERICA_PHOENIX|AMERICA_CHICAGO|AMERICA_NEW_YORK|AMERICA_CARACAS|AMERICA_SANTIAGO|AMERICA_ST_JOHNS|AMERICA_SAO_PAULO|ETC_GMT_MINUS_2|ATLANTIC_CAPE_VERDE|EUROPE_LONDON|EUROPE_PARIS|EUROPE_ISTANBUL|EUROPE_MOSCOW|ASIA_TEHRAN|ASIA_TBILISI|ASIA_KABUL|ASIA_TASHKENT|ASIA_COLOMBO|ASIA_KATHMANDU|ASIA_ALMATY|ASIA_RANGOON|ASIA_BANGKOK|ASIA_TAIPEI|ASIA_TOKYO|AUSTRALIA_DARWIN|AUSTRALIA_SYDNEY|ASIA_VLADIVOSTOK|ETC_GMT_PLUS_12|PACIFIC_TONGATAPU,,Timezone for interpreting start and end timestamps.,openapi,
getCouponDetail,GET,https://api.line.me,/v2/bot/coupon/{couponId},200,CouponResponse,couponId,string,false,,,Unique identifier of the coupon.,openapi,
getCouponDetail,GET,https://api.line.me,/v2/bot/coupon/{couponId},200,CouponResponse,createdTimestamp,integer,false,,,Created timestamp (seconds) of the coupon.,openapi,
getCouponDetail,GET,https://api.line.me,/v2/bot/coupon/{couponId},200,CouponResponse,status,string,false,DRAFT|RUNNING|CLOSED,,Current status of the coupon.,openapi,
showLoadingAnimation,POST,https://api.line.me,/v2/bot/chat/loading/start,202,ShowLoadingAnimationResponse,,,,,,回應為空的 JSON 物件 {}，沒有欄位,openapi,https://developers.line.biz/en/reference/messaging-api/#display-a-loading-indicator-response
attachModule,POST,https://manager.line.biz,/module/auth/v1/token,200,AttachModuleResponse,bot_id,string,true,,,User ID of the bot on the LINE Official Account.,openapi,https://developers.line.biz/en/reference/partner-docs/#link-attach-by-operation-module-channel-provider
attachModule,POST,https://manager.line.biz,/module/auth/v1/token,200,AttachModuleResponse,scopes,array<string>,true,,,Permissions (scope) granted by the LINE Official Account admin.,openapi,https://developers.line.biz/en/reference/partner-docs/#link-attach-by-operation-module-channel-provider
getModules,GET,https://api.line.me,/v2/bot/list,200,GetModulesResponse,bots,array<ModuleBot>,true,,,Array of Bot list Item objects representing basic information about the bot.,openapi,https://developers.line.biz/en/reference/partner-docs/#get-multiple-bot-info-api
getModules,GET,https://api.line.me,/v2/bot/list,200,GetModulesResponse,next,string,false,,,Continuation token. Used to get the next array of basic bot information. This property is only returned if there are more unreturned results.,openapi,https://developers.line.biz/en/reference/partner-docs/#get-multiple-bot-info-api
deleteLIFFApp,DELETE,https://api.line.me,/liff/v1/apps/{liffId},2xx,,,,,,,只回狀態碼，沒有回應主體,docs,https://developers.line.biz/en/reference/liff-server/#delete-liff-app-from-a-channel
updateLIFFApp,PUT,https://api.line.me,/liff/v1/apps/{liffId},2xx,,,,,,,只回狀態碼，沒有回應主體,docs,https://developers.line.biz/en/reference/liff-server/#update-liff-app-settings
Get friendship status,GET,https://api.line.me,/friendship/v1/status,2xx,,friendFlag,Boolean,,,,"- true: The user has added the LINE Official Account as a friend and has not blocked it. - Otherwise, false.",docs,https://developers.line.biz/en/reference/line-login/#get-friendship-status
Get user information,GET,https://api.line.me,/oauth2/v2.1/userinfo,2xx,,sub,String,,,,User ID,docs,https://developers.line.biz/en/reference/line-login/#get-user-information
Get user information,GET,https://api.line.me,/oauth2/v2.1/userinfo,2xx,,name,String,,,,User's display name. Not included if the profile scope wasn't specified in the authorization request.,docs,https://developers.line.biz/en/reference/line-login/#get-user-information
Get user information,GET,https://api.line.me,/oauth2/v2.1/userinfo,2xx,,picture,String,,,,User's profile image URL. Not included if the profile scope wasn't specified in the authorization request.,docs,https://developers.line.biz/en/reference/line-login/#get-user-information
Verify ID token,POST,https://api.line.me,/oauth2/v2.1/verify,2xx,,iss,String,,,,URL used to generate the ID token.,docs,https://developers.line.biz/en/reference/line-login/#verify-id-token
Verify ID token,POST,https://api.line.me,/oauth2/v2.1/verify,2xx,,sub,String,,,,User ID for which the ID token was generated.,docs,https://developers.line.biz/en/reference/line-login/#verify-id-token
Verify ID token,POST,https://api.line.me,/oauth2/v2.1/verify,2xx,,aud,String,,,,Channel ID,docs,https://developers.line.biz/en/reference/line-login/#verify-id-token
Verify ID token,POST,https://api.line.me,/oauth2/v2.1/verify,2xx,,exp,Number,,,,The expiration time of the ID token in UNIX time (in seconds).,docs,https://developers.line.biz/en/reference/line-login/#verify-id-token
Verify ID token,POST,https://api.line.me,/oauth2/v2.1/verify,2xx,,iat,Number,,,,Time when the ID token was generated in UNIX time (in seconds).,docs,https://developers.line.biz/en/reference/line-login/#verify-id-token
Verify ID token,POST,https://api.line.me,/oauth2/v2.1/verify,2xx,,auth_time,Number,,,,Time the user was authenticated in UNIX time (in seconds). Not included if the max_age value wasn't specified in the authorization request.,docs,https://developers.line.biz/en/reference/line-login/#verify-id-token
Verify ID token,POST,https://api.line.me,/oauth2/v2.1/verify,2xx,,nonce,String,,,,The nonce value specified in the authorization URL. Not included if the nonce value wasn't specified in the authorization request.,docs,https://developers.line.biz/en/reference/line-login/#verify-id-token
Verify ID token,POST,https://api.line.me,/oauth2/v2.1/verify,2xx,,amr,Array of strings,,,,A list of authentication methods used by the user. Not included in the payload under certain conditions. One or more of: - pwd: Log in with email and password - lineautologin: LINE automatic login (including through LINE SDK) - lineqr: Log in with QR code - linesso: Log in with single sign-on - mfa: Log in with two-factor authentication,docs,https://developers.line.biz/en/reference/line-login/#verify-id-token
Verify ID token,POST,https://api.line.me,/oauth2/v2.1/verify,2xx,,name,String,,,,User's display name. Not included if the profile scope wasn't specified in the authorization request.,docs,https://developers.line.biz/en/reference/line-login/#verify-id-token
Verify ID token,POST,https://api.line.me,/oauth2/v2.1/verify,2xx,,picture,String,,,,User's profile image URL. Not included if the profile scope wasn't specified in the authorization request.,docs,https://developers.line.biz/en/reference/line-login/#verify-id-token
Verify ID token,POST,https://api.line.me,/oauth2/v2.1/verify,2xx,,email,String,,,,User's email address. Not included if the email scope wasn't specified in the authorization request.,docs,https://developers.line.biz/en/reference/line-login/#verify-id-token
Deauthorize your app to which the user has granted permissions,POST,https://api.line.me,/user/v1/deauthorize,2xx,,,,,,,只回狀態碼，沒有回應主體,docs,https://developers.line.biz/en/reference/line-login/#deauthorize-your-app-to-which-the-user-has-granted-permissions
Get user profile,GET,https://api.line.me,/v2/profile,2xx,,userId,String,,,,User ID,docs,https://developers.line.biz/en/reference/line-login/#get-user-profile
Get user profile,GET,https://api.line.me,/v2/profile,2xx,,displayName,String,,,,User's display name,docs,https://developers.line.biz/en/reference/line-login/#get-user-profile
Get user profile,GET,https://api.line.me,/v2/profile,2xx,,pictureUrl,String,,,,Profile image URL. This is an HTTPS URL. It's only included in the response if the user has set a profile image. Profile image thumbnails: You can get a thumbnail version of a user's profile image by appending any of the following suffixes to their profile image URL. | Suffix | Thumbnail size | | -------- | -------------- | | /large | 200 x 200 | | /small | 51 x 51 | e.g. https://profile.line-scdn.net/abcdefghijklmn/large,docs,https://developers.line.biz/en/reference/line-login/#get-user-profile
Get user profile,GET,https://api.line.me,/v2/profile,2xx,,statusMessage,String,,,,User's status message. Not included in the response if the user doesn't have a status message.,docs,https://developers.line.biz/en/reference/line-login/#get-user-profile
Reserve purchase,POST,https://api.line.me,/iap/v1/product/reserve,2xx,,orderId,String,,,,Order ID.,docs,https://developers.line.biz/en/reference/line-mini-app/#reserve-purchase
Get webhook event history,GET,https://api.line.me,/iap/v1/webhook/events,2xx,,events,Array,,,,List of webhook events.,docs,https://developers.line.biz/en/reference/line-mini-app/#get-webhook-event-history
Get webhook event history,GET,https://api.line.me,/iap/v1/webhook/events,2xx,,events[].transactionType,String,,,,Always returns PRODUCT.,docs,https://developers.line.biz/en/reference/line-mini-app/#get-webhook-event-history
Get webhook event history,GET,https://api.line.me,/iap/v1/webhook/events,2xx,,events[].event,Object,,,,Webhook event object.,docs,https://developers.line.biz/en/reference/line-mini-app/#get-webhook-event-history
Get webhook event history,GET,https://api.line.me,/iap/v1/webhook/events,2xx,,nextCursor,String,false,,,"Cursor for the next page. If the next page does not exist, the value is null.",docs,https://developers.line.biz/en/reference/line-mini-app/#get-webhook-event-history
Sending service messages,POST,https://api.line.me,/message/v3/notifier/send,2xx,,notificationToken,String,,,,A renewed service notification token. Use this service notification token to send successive service messages.,docs,https://developers.line.biz/en/reference/line-mini-app/#sending-service-messages
Sending service messages,POST,https://api.line.me,/message/v3/notifier/send,2xx,,expiresIn,Number,,,,The remaining amount of time in seconds until renewed service notification token expires,docs,https://developers.line.biz/en/reference/line-mini-app/#sending-service-messages
Sending service messages,POST,https://api.line.me,/message/v3/notifier/send,2xx,,remainingCount,Number,,,,The number of times you can send successive service messages with the renewed service notification token.,docs,https://developers.line.biz/en/reference/line-mini-app/#sending-service-messages
Sending service messages,POST,https://api.line.me,/message/v3/notifier/send,2xx,,sessionId,String,,,,"The session ID. For more information, see Sending service messages.",docs,https://developers.line.biz/en/reference/line-mini-app/#sending-service-messages
Issuing a service notification token,POST,https://api.line.me,/message/v3/notifier/token,2xx,,notificationToken,String,,,,Service notification token,docs,https://developers.line.biz/en/reference/line-mini-app/#issuing-a-service-notification-token
Issuing a service notification token,POST,https://api.line.me,/message/v3/notifier/token,2xx,,expiresIn,Number,,,,"The amount of time remaining in seconds before the service notification token expires. A service notification token expires 1 year (31,536,000 seconds) after being issued.",docs,https://developers.line.biz/en/reference/line-mini-app/#issuing-a-service-notification-token
Issuing a service notification token,POST,https://api.line.me,/message/v3/notifier/token,2xx,,remainingCount,Number,,,,The number of times you can send a service message with the issued service notification token,docs,https://developers.line.biz/en/reference/line-mini-app/#issuing-a-service-notification-token
Issuing a service notification token,POST,https://api.line.me,/message/v3/notifier/token,2xx,,sessionId,String,,,,"The session ID. For more information, see Sending service messages.",docs,https://developers.line.biz/en/reference/line-mini-app/#issuing-a-service-notification-token
pushMessagesByPhone,POST,https://api.line.me,/bot/pnp/push,2xx,,,,,,,回應為空的 JSON 物件 {}，沒有欄位,docs,https://developers.line.biz/en/reference/line-notification-messages/#send-a-line-notification-message-flexible
Get number of sent LINE notification messages (template),GET,https://api.line.me,/v2/bot/message/delivery/pnp/templated,2xx,,status,String,,ready|unready|out_of_service,,Aggregation processing status. One of: - ready: You can get the number of messages. - unready: The total number of messages for the date specified in date isn't yet complete. Try the request again after a short time. The aggregation process is usually completed within the next day. - out_of_service: The date specified in date is before the aggregation system operation's start date (03/31/2018).,docs,https://developers.line.biz/en/reference/line-notification-messages/#get-number-of-sent-line-notification-messages-template
Get number of sent LINE notification messages (template),GET,https://api.line.me,/v2/bot/message/delivery/pnp/templated,2xx,,success,Number,false,,,Number of messages sent using the LINE notification messages API on the date specified in date. Only included in the response if the value of status is ready.,docs,https://developers.line.biz/en/reference/line-notification-messages/#get-number-of-sent-line-notification-messages-template
Send a LINE notification message (template),POST,https://api.line.me,/v2/bot/message/pnp/templated/push,2xx,,,,,,,回應為空的 JSON 物件 {}，沒有欄位,docs,https://developers.line.biz/en/reference/line-notification-messages/#send-a-line-notification-message-template
revokeChannelTokenByJWT,POST,https://api.line.me,/oauth2/v2.1/revoke,2xx,,,,,,,只回狀態碼，沒有回應主體,docs,https://developers.line.biz/en/reference/messaging-api/#revoke-channel-access-token-v21
addAudienceToAudienceGroup,PUT,https://api.line.me,/v2/bot/audienceGroup/upload,2xx,,,,,,,回應為空的 JSON 物件 {}，沒有欄位,docs,https://developers.line.biz/en/reference/messaging-api/#add-user-ids-or-identifiers-for-advertisers-ifas-to-an-audience-for-uploading-user-ids-by-json
addUserIdsToAudience,PUT,https://api-data.line.me,/v2/bot/audienceGroup/upload/byFile,2xx,,,,,,,回應為空的 JSON 物件 {}，沒有欄位,docs,https://developers.line.biz/en/reference/messaging-api/#add-user-ids-or-identifiers-for-advertisers-ifas-to-an-audience-for-uploading-user-ids-by-file
deleteAudienceGroup,DELETE,https://api.line.me,/v2/bot/audienceGroup/{audienceGroupId},2xx,,,,,,,回應為空的 JSON 物件 {}，沒有欄位,docs,https://developers.line.biz/en/reference/messaging-api/#delete-audience
updateAudienceGroupDescription,PUT,https://api.line.me,/v2/bot/audienceGroup/{audienceGroupId}/updateDescription,2xx,,,,,,,回應為空的 JSON 物件 {}，沒有欄位,docs,https://developers.line.biz/en/reference/messaging-api/#rename-an-audience
setWebhookEndpoint,PUT,https://api.line.me,/v2/bot/channel/webhook/endpoint,2xx,,,,,,,回應為空的 JSON 物件 {}，沒有欄位,docs,https://developers.line.biz/en/reference/messaging-api/#set-webhook-endpoint-url
markMessagesAsReadByToken,POST,https://api.line.me,/v2/bot/chat/markAsRead,2xx,,,,,,,回應為空的 JSON 物件 {}，沒有欄位,docs,https://developers.line.biz/en/reference/messaging-api/#mark-messages-as-read
closeCoupon,PUT,https://api.line.me,/v2/bot/coupon/{couponId}/close,2xx,,,,,,,回應為空的 JSON 物件 {}，沒有欄位,docs,https://developers.line.biz/en/reference/messaging-api/#discontinue-a-coupon
leaveGroup,POST,https://api.line.me,/v2/bot/group/{groupId}/leave,2xx,,,,,,,回應為空的 JSON 物件 {}，沒有欄位,docs,https://developers.line.biz/en/reference/messaging-api/#leave-group-chat
validateBroadcast,POST,https://api.line.me,/v2/bot/message/validate/broadcast,2xx,,,,,,,回應為空的 JSON 物件 {}，沒有欄位,docs,https://developers.line.biz/en/reference/messaging-api/#validate-message-objects-of-a-broadcast-message
validateMulticast,POST,https://api.line.me,/v2/bot/message/validate/multicast,2xx,,,,,,,回應為空的 JSON 物件 {}，沒有欄位,docs,https://developers.line.biz/en/reference/messaging-api/#validate-message-objects-of-a-multicast-message
validateNarrowcast,POST,https://api.line.me,/v2/bot/message/validate/narrowcast,2xx,,,,,,,回應為空的 JSON 物件 {}，沒有欄位,docs,https://developers.line.biz/en/reference/messaging-api/#validate-message-objects-of-a-narrowcast-message
validatePush,POST,https://api.line.me,/v2/bot/message/validate/push,2xx,,,,,,,回應為空的 JSON 物件 {}，沒有欄位,docs,https://developers.line.biz/en/reference/messaging-api/#validate-message-objects-of-a-push-message
validateReply,POST,https://api.line.me,/v2/bot/message/validate/reply,2xx,,,,,,,回應為空的 JSON 物件 {}，沒有欄位,docs,https://developers.line.biz/en/reference/messaging-api/#validate-message-objects-of-a-reply-message
getMessageContent,GET,https://api-data.line.me,/v2/bot/message/{messageId}/content,2xx,,,,,,,回應為二進位內容（圖片／影片／音訊），不是 JSON,docs,https://developers.line.biz/en/reference/messaging-api/#get-content
getMessageContentPreview,GET,https://api-data.line.me,/v2/bot/message/{messageId}/content/preview,2xx,,,,,,,回應為二進位內容（圖片／影片／音訊），不是 JSON,docs,https://developers.line.biz/en/reference/messaging-api/#get-a-preview-image-of-the-image-or-video
createRichMenuAlias,POST,https://api.line.me,/v2/bot/richmenu/alias,2xx,,,,,,,回應為空的 JSON 物件 {}，沒有欄位,docs,https://developers.line.biz/en/reference/messaging-api/#create-rich-menu-alias
deleteRichMenuAlias,DELETE,https://api.line.me,/v2/bot/richmenu/alias/{richMenuAliasId},2xx,,,,,,,回應為空的 JSON 物件 {}，沒有欄位,docs,https://developers.line.biz/en/reference/messaging-api/#delete-rich-menu-alias
updateRichMenuAlias,POST,https://api.line.me,/v2/bot/richmenu/alias/{richMenuAliasId},2xx,,,,,,,回應為空的 JSON 物件 {}，沒有欄位,docs,https://developers.line.biz/en/reference/messaging-api/#update-rich-menu-alias
richMenuBatch,POST,https://api.line.me,/v2/bot/richmenu/batch,2xx,,,,,,,回應為空的 JSON 物件 {}，沒有欄位,docs,https://developers.line.biz/en/reference/messaging-api/#replace-or-unlink-the-linked-rich-menus-in-batches
linkRichMenuIdToUsers,POST,https://api.line.me,/v2/bot/richmenu/bulk/link,2xx,,,,,,,回應為空的 JSON 物件 {}，沒有欄位,docs,https://developers.line.biz/en/reference/messaging-api/#link-rich-menu-to-multiple-users
unlinkRichMenuIdFromUsers,POST,https://api.line.me,/v2/bot/richmenu/bulk/unlink,2xx,,,,,,,回應為空的 JSON 物件 {}，沒有欄位,docs,https://developers.line.biz/en/reference/messaging-api/#unlink-rich-menus-from-multiple-users
validateRichMenuObject,POST,https://api.line.me,/v2/bot/richmenu/validate,2xx,,,,,,,回應為空的 JSON 物件 {}，沒有欄位,docs,https://developers.line.biz/en/reference/messaging-api/#validate-rich-menu-object
validateRichMenuBatchRequest,POST,https://api.line.me,/v2/bot/richmenu/validate/batch,2xx,,,,,,,回應為空的 JSON 物件 {}，沒有欄位,docs,https://developers.line.biz/en/reference/messaging-api/#validate-a-request-of-rich-menu-batch-control
deleteRichMenu,DELETE,https://api.line.me,/v2/bot/richmenu/{richMenuId},2xx,,,,,,,回應為空的 JSON 物件 {}，沒有欄位,docs,https://developers.line.biz/en/reference/messaging-api/#delete-rich-menu
getRichMenuImage,GET,https://api-data.line.me,/v2/bot/richmenu/{richMenuId}/content,2xx,,,,,,,回應為二進位內容（圖片／影片／音訊），不是 JSON,docs,https://developers.line.biz/en/reference/messaging-api/#download-rich-menu-image
setRichMenuImage,POST,https://api-data.line.me,/v2/bot/richmenu/{richMenuId}/content,2xx,,,,,,,回應為空的 JSON 物件 {}，沒有欄位,docs,https://developers.line.biz/en/reference/messaging-api/#upload-rich-menu-image
leaveRoom,POST,https://api.line.me,/v2/bot/room/{roomId}/leave,2xx,,,,,,,回應為空的 JSON 物件 {}，沒有欄位,docs,https://developers.line.biz/en/reference/messaging-api/#leave-multi-person-chat
cancelDefaultRichMenu,DELETE,https://api.line.me,/v2/bot/user/all/richmenu,2xx,,,,,,,回應為空的 JSON 物件 {}，沒有欄位,docs,https://developers.line.biz/en/reference/messaging-api/#clear-default-rich-menu
setDefaultRichMenu,POST,https://api.line.me,/v2/bot/user/all/richmenu/{richMenuId},2xx,,,,,,,回應為空的 JSON 物件 {}，沒有欄位,docs,https://developers.line.biz/en/reference/messaging-api/#set-default-rich-menu
unlinkRichMenuIdFromUser,DELETE,https://api.line.me,/v2/bot/user/{userId}/richmenu,2xx,,,,,,,回應為空的 JSON 物件 {}，沒有欄位,docs,https://developers.line.biz/en/reference/messaging-api/#unlink-rich-menu-from-user
linkRichMenuIdToUser,POST,https://api.line.me,/v2/bot/user/{userId}/richmenu/{richMenuId},2xx,,,,,,,回應為空的 JSON 物件 {}，沒有欄位,docs,https://developers.line.biz/en/reference/messaging-api/#link-rich-menu-to-user
revokeChannelToken,POST,https://api.line.me,/v2/oauth/revoke,2xx,,,,,,,只回狀態碼，沒有回應主體,docs,https://developers.line.biz/en/reference/messaging-api/#revoke-short-lived-or-long-lived-channel-access-token
missionStickerV3,POST,https://api.line.me,/shop/v3/mission,2xx,,,,,,,只回狀態碼，沒有回應主體,docs,https://developers.line.biz/en/reference/partner-docs/#provide-mission-stickers-to-the-users
detachModule,POST,https://api.line.me,/v2/bot/channel/detach,2xx,,,,,,,只回狀態碼，沒有回應主體,docs,https://developers.line.biz/en/reference/partner-docs/#unlink-detach-the-module-channel-by-the-operation-of-the-module-channel-administrator
acquireChatControl,POST,https://api.line.me,/v2/bot/chat/{chatId}/control/acquire,2xx,,,,,,,只回狀態碼，沒有回應主體,docs,https://developers.line.biz/en/reference/partner-docs/#acquire-control-api
releaseChatControl,POST,https://api.line.me,/v2/bot/chat/{chatId}/control/release,2xx,,,,,,,只回狀態碼，沒有回應主體,docs,https://developers.line.biz/en/reference/partner-docs/#release-control-api
markMessagesAsRead,POST,https://api.line.me,/v2/bot/message/markAsRead,2xx,,,,,,,回應為空的 JSON 物件 {}，沒有欄位,docs,https://developers.line.biz/en/reference/partner-docs/#mark-messages-from-users-as-read
