platform,kind,name,nested,package,doc_url
ios-swift,class,AccessTokenStore,false,LineSDK,https://developers.line.biz/en/reference/ios-sdk-swift/Classes/AccessTokenStore.html
ios-swift,class,JSONParsePipeline,false,LineSDK,https://developers.line.biz/en/reference/ios-sdk-swift/Classes/JSONParsePipeline.html
ios-swift,class,LoginButton,false,LineSDK,https://developers.line.biz/en/reference/ios-sdk-swift/Classes/LoginButton.html
ios-swift,class,ButtonSize,true,LineSDK,https://developers.line.biz/en/reference/ios-sdk-swift/Classes/LoginButton/ButtonSize.html
ios-swift,class,LoginManager,false,LineSDK,https://developers.line.biz/en/reference/ios-sdk-swift/Classes/LoginManager.html
ios-swift,class,Parameters,true,LineSDK,https://developers.line.biz/en/reference/ios-sdk-swift/Classes/LoginManager/Parameters.html
ios-swift,class,BotPrompt,true,LineSDK,https://developers.line.biz/en/reference/ios-sdk-swift/Classes/LoginManager/BotPrompt.html
ios-swift,class,WebPageLanguage,true,LineSDK,https://developers.line.biz/en/reference/ios-sdk-swift/Classes/LoginManager/WebPageLanguage.html
ios-swift,class,LoginProcess,false,LineSDK,https://developers.line.biz/en/reference/ios-sdk-swift/Classes/LoginProcess.html
ios-swift,class,OpenChatCreatingController,false,LineSDK,https://developers.line.biz/en/reference/ios-sdk-swift/Classes/OpenChatCreatingController.html
ios-swift,class,Session,false,LineSDK,https://developers.line.biz/en/reference/ios-sdk-swift/Classes/Session.html
ios-swift,enum,API,false,LineSDK,https://developers.line.biz/en/reference/ios-sdk-swift/Enums/API.html
ios-swift,enum,Auth,true,LineSDK,https://developers.line.biz/en/reference/ios-sdk-swift/Enums/API/Auth.html
ios-swift,enum,AuthenticateMethod,false,LineSDK,https://developers.line.biz/en/reference/ios-sdk-swift/Enums/AuthenticateMethod.html
ios-swift,enum,AuthorizationStatus,false,LineSDK,https://developers.line.biz/en/reference/ios-sdk-swift/Enums/AuthorizationStatus.html
ios-swift,enum,CallbackQueue,false,LineSDK,https://developers.line.biz/en/reference/ios-sdk-swift/Enums/CallbackQueue.html
ios-swift,enum,ContentType,false,LineSDK,https://developers.line.biz/en/reference/ios-sdk-swift/Enums/ContentType.html
ios-swift,enum,CryptoError,false,LineSDK,https://developers.line.biz/en/reference/ios-sdk-swift/Enums/CryptoError.html
ios-swift,enum,AlgorithmsErrorReason,true,LineSDK,https://developers.line.biz/en/reference/ios-sdk-swift/Enums/CryptoError/AlgorithmsErrorReason.html
ios-swift,enum,JWTErrorReason,true,LineSDK,https://developers.line.biz/en/reference/ios-sdk-swift/Enums/CryptoError/JWTErrorReason.html
ios-swift,enum,JWKErrorReason,true,LineSDK,https://developers.line.biz/en/reference/ios-sdk-swift/Enums/CryptoError/JWKErrorReason.html
ios-swift,enum,GeneralErrorReason,true,LineSDK,https://developers.line.biz/en/reference/ios-sdk-swift/Enums/CryptoError/GeneralErrorReason.html
ios-swift,enum,HTTPMethod,false,LineSDK,https://developers.line.biz/en/reference/ios-sdk-swift/Enums/HTTPMethod.html
ios-swift,enum,LineSDKError,false,LineSDK,https://developers.line.biz/en/reference/ios-sdk-swift/Enums/LineSDKError.html
ios-swift,enum,RequestErrorReason,true,LineSDK,https://developers.line.biz/en/reference/ios-sdk-swift/Enums/LineSDKError/RequestErrorReason.html
ios-swift,enum,ResponseErrorReason,true,LineSDK,https://developers.line.biz/en/reference/ios-sdk-swift/Enums/LineSDKError/ResponseErrorReason.html
ios-swift,enum,AuthorizeErrorReason,true,LineSDK,https://developers.line.biz/en/reference/ios-sdk-swift/Enums/LineSDKError/AuthorizeErrorReason.html
ios-swift,enum,GeneralErrorReason,true,LineSDK,https://developers.line.biz/en/reference/ios-sdk-swift/Enums/LineSDKError/GeneralErrorReason.html
ios-swift,enum,ResponsePipeline,false,LineSDK,https://developers.line.biz/en/reference/ios-sdk-swift/Enums/ResponsePipeline.html
ios-swift,enum,ResponsePipelineRedirectorAction,false,LineSDK,https://developers.line.biz/en/reference/ios-sdk-swift/Enums/ResponsePipelineRedirectorAction.html
ios-swift,enum,ResultUtil,false,LineSDK,https://developers.line.biz/en/reference/ios-sdk-swift/Enums/ResultUtil.html
ios-swift,extension,Notification,false,LineSDK,https://developers.line.biz/en/reference/ios-sdk-swift/Extensions/Notification.html
ios-swift,extension,Name,true,LineSDK,https://developers.line.biz/en/reference/ios-sdk-swift/Extensions/Notification/Name.html
ios-swift,protocol,DefaultEnumCodable,false,LineSDK,https://developers.line.biz/en/reference/ios-sdk-swift/Protocols/DefaultEnumCodable.html
ios-swift,protocol,LoginButtonDelegate,false,LineSDK,https://developers.line.biz/en/reference/ios-sdk-swift/Protocols/LoginButtonDelegate.html
ios-swift,protocol,OpenChatCreatingControllerDelegate,false,LineSDK,https://developers.line.biz/en/reference/ios-sdk-swift/Protocols/OpenChatCreatingControllerDelegate.html
ios-swift,protocol,Request,false,LineSDK,https://developers.line.biz/en/reference/ios-sdk-swift/Protocols/Request.html
ios-swift,protocol,RequestAdapter,false,LineSDK,https://developers.line.biz/en/reference/ios-sdk-swift/Protocols/RequestAdapter.html
ios-swift,protocol,ResponsePipelineRedirector,false,LineSDK,https://developers.line.biz/en/reference/ios-sdk-swift/Protocols/ResponsePipelineRedirector.html
ios-swift,protocol,ResponsePipelineTerminator,false,LineSDK,https://developers.line.biz/en/reference/ios-sdk-swift/Protocols/ResponsePipelineTerminator.html
ios-swift,struct,Structures,false,LineSDK,https://developers.line.biz/en/reference/ios-sdk-swift/Structs.html
ios-swift,struct,APIError,false,LineSDK,https://developers.line.biz/en/reference/ios-sdk-swift/Structs/APIError.html
ios-swift,struct,AccessToken,false,LineSDK,https://developers.line.biz/en/reference/ios-sdk-swift/Structs/AccessToken.html
ios-swift,struct,AccessTokenVerifyResult,false,LineSDK,https://developers.line.biz/en/reference/ios-sdk-swift/Structs/AccessTokenVerifyResult.html
ios-swift,struct,AnyRequestAdapter,false,LineSDK,https://developers.line.biz/en/reference/ios-sdk-swift/Structs/AnyRequestAdapter.html
ios-swift,struct,Constant,false,LineSDK,https://developers.line.biz/en/reference/ios-sdk-swift/Structs/Constant.html
ios-swift,struct,GetBotFriendshipStatusRequest,false,LineSDK,https://developers.line.biz/en/reference/ios-sdk-swift/Structs/GetBotFriendshipStatusRequest.html
ios-swift,struct,Response,true,LineSDK,https://developers.line.biz/en/reference/ios-sdk-swift/Structs/GetBotFriendshipStatusRequest/Response.html
ios-swift,struct,GetVerifyTokenRequest,false,LineSDK,https://developers.line.biz/en/reference/ios-sdk-swift/Structs/GetVerifyTokenRequest.html
ios-swift,struct,HexColor,false,LineSDK,https://developers.line.biz/en/reference/ios-sdk-swift/Structs/HexColor.html
ios-swift,struct,JWT,false,LineSDK,https://developers.line.biz/en/reference/ios-sdk-swift/Structs/JWT.html
ios-swift,struct,Payload,true,LineSDK,https://developers.line.biz/en/reference/ios-sdk-swift/Structs/JWT/Payload.html
ios-swift,struct,LineSDKNotificationKey,false,LineSDK,https://developers.line.biz/en/reference/ios-sdk-swift/Structs/LineSDKNotificationKey.html
ios-swift,struct,LoginManagerOptions,false,LineSDK,https://developers.line.biz/en/reference/ios-sdk-swift/Structs/LoginManagerOptions.html
ios-swift,struct,LoginPermission,false,LineSDK,https://developers.line.biz/en/reference/ios-sdk-swift/Structs/LoginPermission.html
ios-swift,struct,LoginResult,false,LineSDK,https://developers.line.biz/en/reference/ios-sdk-swift/Structs/LoginResult.html
ios-swift,struct,UserProfile,false,LineSDK,https://developers.line.biz/en/reference/ios-sdk-swift/Structs/UserProfile.html
ios-swift,typealias,Type Aliases,false,LineSDK,https://developers.line.biz/en/reference/ios-sdk-swift/Typealiases.html
android,class,LineAccessToken,false,com.linecorp.linesdk,https://developers.line.biz/en/reference/android-sdk/reference/com/linecorp/linesdk/LineAccessToken.html
android,class,LineApiClient,false,com.linecorp.linesdk.api,https://developers.line.biz/en/reference/android-sdk/reference/com/linecorp/linesdk/api/LineApiClient.html
android,class,LineApiClientBuilder,false,com.linecorp.linesdk.api,https://developers.line.biz/en/reference/android-sdk/reference/com/linecorp/linesdk/api/LineApiClientBuilder.html
android,class,LineApiError,false,com.linecorp.linesdk,https://developers.line.biz/en/reference/android-sdk/reference/com/linecorp/linesdk/LineApiError.html
android,class,LineApiError.ErrorCode,true,com.linecorp.linesdk,https://developers.line.biz/en/reference/android-sdk/reference/com/linecorp/linesdk/LineApiError.ErrorCode.html
android,class,LineApiResponse,false,com.linecorp.linesdk,https://developers.line.biz/en/reference/android-sdk/reference/com/linecorp/linesdk/LineApiResponse.html
android,class,LineApiResponseCode,false,com.linecorp.linesdk,https://developers.line.biz/en/reference/android-sdk/reference/com/linecorp/linesdk/LineApiResponseCode.html
android,class,LineAuthenticationParams,false,com.linecorp.linesdk.auth,https://developers.line.biz/en/reference/android-sdk/reference/com/linecorp/linesdk/auth/LineAuthenticationParams.html
android,class,LineAuthenticationParams.BotPrompt,true,com.linecorp.linesdk.auth,https://developers.line.biz/en/reference/android-sdk/reference/com/linecorp/linesdk/auth/LineAuthenticationParams.BotPrompt.html
android,class,LineAuthenticationParams.Builder,true,com.linecorp.linesdk.auth,https://developers.line.biz/en/reference/android-sdk/reference/com/linecorp/linesdk/auth/LineAuthenticationParams.Builder.html
android,class,LineAuthenticationParams.WebAuthenticationMethod,true,com.linecorp.linesdk.auth,https://developers.line.biz/en/reference/android-sdk/reference/com/linecorp/linesdk/auth/LineAuthenticationParams.WebAuthenticationMethod.html
android,class,LineCredential,false,com.linecorp.linesdk,https://developers.line.biz/en/reference/android-sdk/reference/com/linecorp/linesdk/LineCredential.html
android,class,LineFriendshipStatus,false,com.linecorp.linesdk,https://developers.line.biz/en/reference/android-sdk/reference/com/linecorp/linesdk/LineFriendshipStatus.html
android,class,LineIdToken,false,com.linecorp.linesdk,https://developers.line.biz/en/reference/android-sdk/reference/com/linecorp/linesdk/LineIdToken.html
android,class,LineLoginApi,false,com.linecorp.linesdk.auth,https://developers.line.biz/en/reference/android-sdk/reference/com/linecorp/linesdk/auth/LineLoginApi.html
android,class,LineLoginResult,false,com.linecorp.linesdk.auth,https://developers.line.biz/en/reference/android-sdk/reference/com/linecorp/linesdk/auth/LineLoginResult.html
android,class,LineProfile,false,com.linecorp.linesdk,https://developers.line.biz/en/reference/android-sdk/reference/com/linecorp/linesdk/LineProfile.html
android,class,LoginButton,false,com.linecorp.linesdk.widget,https://developers.line.biz/en/reference/android-sdk/reference/com/linecorp/linesdk/widget/LoginButton.html
android,class,LoginDelegate,false,com.linecorp.linesdk,https://developers.line.biz/en/reference/android-sdk/reference/com/linecorp/linesdk/LoginDelegate.html
android,class,LoginDelegate.Factory,true,com.linecorp.linesdk,https://developers.line.biz/en/reference/android-sdk/reference/com/linecorp/linesdk/LoginDelegate.Factory.html
android,class,LoginListener,false,com.linecorp.linesdk,https://developers.line.biz/en/reference/android-sdk/reference/com/linecorp/linesdk/LoginListener.html
android,class,Scope,false,com.linecorp.linesdk,https://developers.line.biz/en/reference/android-sdk/reference/com/linecorp/linesdk/Scope.html
